Date,Speed,Voltage,PWM,Current,Power,Battery level,Total mileage,Temperature,Pitch,Roll
24.11.2021 12:23:22.384,1.65,54.08,3.09,0.73,39.48,75,2562.980,18.0,0.00,0.00
24.11.2021 12:23:22.594,1.65,54.08,3.09,0.73,39.48,75,2562.980,18.0,0.00,0.00
24.11.2021 12:23:22.955,1.65,54.08,3.09,0.73,39.48,75,2562.980,18.0,0.00,0.00
24.11.2021 12:23:23.165,1.65,54.13,0.00,0.73,39.48,75,2562.980,18.0,0.00,0.00
24.11.2021 12:23:23.464,0.00,54.13,0.00,0.10,5.41,75,2562.980,18.0,0.00,0.00
24.11.2021 12:23:23.675,0.00,54.13,0.00,0.10,5.41,75,2562.980,18.0,0.00,0.00
24.11.2021 12:23:23.883,0.00,54.13,0.00,0.10,5.41,75,2562.980,18.0,0.00,0.00
24.11.2021 12:23:24.094,0.00,54.13,0.00,0.10,5.41,75,2562.980,18.0,0.00,0.00
24.11.2021 12:23:24.305,0.00,54.13,0.00,0.10,5.41,75,2562.980,18.0,0.00,0.00
24.11.2021 12:23:24.574,0.00,54.13,0.00,0.10,5.41,75,2562.980,18.0,0.00,0.00
24.11.2021 12:23:24.784,0.00,54.13,0.00,0.09,4.87,75,2562.980,18.0,0.00,0.00
24.11.2021 12:23:25.000,0.00,54.13,0.00,0.09,4.87,75,2562.980,18.0,0.00,0.00
24.11.2021 12:23:25.293,0.00,54.13,0.00,0.09,4.87,75,2562.980,18.0,0.00,0.00
24.11.2021 12:23:25.572,0.21,54.13,0.39,0.09,4.87,75,2562.980,18.0,0.00,0.00
24.11.2021 12:23:25.876,0.21,54.13,0.39,0.09,4.87,75,2562.980,18.0,0.00,0.00
24.11.2021 12:23:26.081,3.22,53.90,6.06,2.05,110.49,75,2562.980,18.0,0.00,0.00
24.11.2021 12:23:26.411,3.22,53.90,6.06,2.05,110.49,75,2562.980,18.0,0.00,0.00
24.11.2021 12:23:26.675,3.22,53.90,6.06,2.05,110.49,75,2562.980,18.0,0.00,0.00
24.11.2021 12:23:26.892,3.22,53.90,6.06,2.05,110.49,75,2562.980,18.0,0.00,0.00
24.11.2021 12:23:27.189,5.21,53.47,9.88,3.40,181.80,75,2562.981,19.0,0.00,0.00
24.11.2021 12:23:27.396,5.21,53.47,9.88,3.40,181.80,75,2562.981,19.0,0.00,0.00
24.11.2021 12:23:27.639,5.21,53.47,9.88,3.40,181.80,75,2562.981,19.0,0.00,0.00
24.11.2021 12:23:27.882,7.65,53.35,14.54,7.27,387.85,75,2562.982,19.0,0.00,0.00
24.11.2021 12:23:28.090,7.65,53.35,14.54,7.27,387.85,75,2562.982,19.0,0.00,0.00
24.11.2021 12:23:28.295,7.65,53.35,14.54,7.27,387.85,75,2562.982,19.0,0.00,0.00
24.11.2021 12:23:28.594,10.03,53.18,19.12,11.90,632.84,75,2562.984,19.0,0.00,0.00
24.11.2021 12:23:28.894,10.03,53.18,19.12,11.90,632.84,75,2562.984,19.0,0.00,0.00
24.11.2021 12:23:29.139,10.03,53.18,19.12,11.90,632.84,75,2562.984,19.0,0.00,0.00
24.11.2021 12:23:29.426,10.03,53.18,19.12,11.90,632.84,75,2562.984,19.0,0.00,0.00
24.11.2021 12:23:29.709,10.29,53.59,19.47,11.90,632.84,75,2562.986,19.0,0.00,0.00
24.11.2021 12:23:29.974,10.29,53.59,19.47,4.17,223.47,75,2562.986,19.0,0.00,0.00
24.11.2021 12:23:30.358,10.29,54.74,13.24,4.17,223.47,75,2562.988,19.0,0.00,0.00
24.11.2021 12:23:30.608,7.15,54.74,13.24,-1.78,97.44,75,2562.988,19.0,0.00,0.00
24.11.2021 12:23:30.814,7.15,54.74,13.24,-1.78,97.44,75,2562.988,19.0,0.00,0.00
24.11.2021 12:23:31.090,10.34,53.15,19.72,7.57,402.35,75,2562.989,19.0,0.00,0.00
24.11.2021 12:23:31.293,10.34,53.15,19.72,7.57,402.35,75,2562.989,19.0,0.00,0.00
24.11.2021 12:23:31.509,10.34,53.15,19.72,7.57,402.35,75,2562.989,19.0,0.00,0.00
24.11.2021 12:23:31.713,10.59,53.04,20.24,7.57,402.35,75,2562.991,19.0,0.00,0.00
24.11.2021 12:23:31.958,10.59,53.04,20.24,5.13,272.10,75,2562.991,19.0,0.00,0.00
24.11.2021 12:23:32.274,10.59,53.04,20.24,5.13,272.10,75,2562.991,19.0,0.00,0.00
24.11.2021 12:23:32.525,10.59,53.04,20.24,5.13,272.10,75,2562.991,19.0,0.00,0.00
24.11.2021 12:23:32.794,12.33,53.40,23.41,11.54,616.24,75,2562.994,19.0,0.00,0.00
24.11.2021 12:23:33.191,12.33,53.40,23.41,11.54,616.24,75,2562.994,19.0,0.00,0.00
24.11.2021 12:23:33.396,13.79,53.40,26.18,11.54,616.24,75,2562.996,19.0,0.00,0.00
24.11.2021 12:23:33.694,13.79,53.40,26.18,10.71,571.91,75,2562.996,19.0,0.00,0.00
24.11.2021 12:23:33.975,13.79,53.40,26.18,10.71,571.91,75,2562.996,19.0,0.00,0.00
24.11.2021 12:23:34.292,13.79,53.40,26.18,10.71,571.91,75,2562.996,19.0,0.00,0.00
24.11.2021 12:23:34.591,13.02,53.93,24.48,5.07,273.43,75,2562.999,19.0,0.00,0.00
24.11.2021 12:23:34.918,13.02,53.93,24.48,5.07,273.43,75,2562.999,19.0,0.00,0.00
24.11.2021 12:23:35.130,13.20,53.64,24.95,5.07,273.43,75,2563.002,19.0,0.00,0.00
24.11.2021 12:23:35.405,13.20,53.64,24.95,4.19,224.75,75,2563.002,19.0,0.00,0.00
24.11.2021 12:23:35.727,13.20,53.64,24.95,4.19,224.75,75,2563.002,19.0,0.00,0.00
24.11.2021 12:23:35.973,13.20,53.60,23.79,4.19,224.75,75,2563.005,19.0,0.00,0.00
24.11.2021 12:23:36.177,12.58,53.60,23.79,3.41,182.78,75,2563.005,19.0,0.00,0.00
24.11.2021 12:23:36.427,12.58,53.60,23.79,3.41,182.78,75,2563.005,19.0,0.00,0.00
24.11.2021 12:23:36.693,12.58,54.09,22.53,3.41,182.78,75,2563.007,19.0,0.00,0.00
24.11.2021 12:23:36.927,12.02,54.09,22.53,0.87,47.06,75,2563.007,19.0,0.00,0.00
24.11.2021 12:23:37.294,12.02,54.09,22.53,0.87,47.06,75,2563.007,19.0,0.00,0.00
24.11.2021 12:23:37.509,12.94,53.52,24.51,11.05,591.40,75,2563.009,19.0,0.00,0.00
24.11.2021 12:23:37.797,12.94,53.52,24.51,11.05,591.40,75,2563.009,19.0,0.00,0.00
24.11.2021 12:23:38.009,12.94,53.52,24.51,11.05,591.40,75,2563.009,19.0,0.00,0.00
24.11.2021 12:23:38.309,13.43,53.21,25.59,11.05,591.40,75,2563.012,19.0,0.00,0.00
24.11.2021 12:23:38.578,13.43,53.21,25.59,9.29,494.32,75,2563.012,19.0,0.00,0.00
24.11.2021 12:23:38.801,13.43,53.21,25.59,9.29,494.32,75,2563.012,19.0,0.00,0.00
24.11.2021 12:23:39.005,13.43,53.21,25.59,9.29,494.32,75,2563.012,19.0,0.00,0.00
24.11.2021 12:23:39.302,14.59,53.10,27.86,9.55,507.11,75,2563.016,19.0,0.00,0.00
24.11.2021 12:23:39.666,14.59,53.10,27.86,9.55,507.11,75,2563.016,19.0,0.00,0.00
24.11.2021 12:23:39.884,15.37,53.31,29.23,9.55,507.11,75,2563.018,19.0,0.00,0.00
24.11.2021 12:23:40.115,15.37,53.31,29.23,7.92,422.22,75,2563.018,19.0,0.00,0.00
24.11.2021 12:23:40.417,15.37,53.31,29.23,7.92,422.22,75,2563.018,19.0,0.00,0.00
24.11.2021 12:23:40.634,15.81,53.41,30.01,7.92,422.22,75,2563.022,19.0,0.00,0.00
24.11.2021 12:23:40.898,15.81,53.41,30.01,7.78,415.53,75,2563.022,19.0,0.00,0.00
24.11.2021 12:23:41.233,15.81,53.41,30.01,7.78,415.53,75,2563.022,19.0,0.00,0.00
24.11.2021 12:23:41.500,16.34,53.19,31.14,8.41,447.33,75,2563.025,19.0,0.00,0.00
24.11.2021 12:23:41.800,16.34,53.19,31.14,8.41,447.33,75,2563.025,19.0,0.00,0.00
24.11.2021 12:23:42.066,16.34,53.19,31.14,8.41,447.33,75,2563.025,19.0,0.00,0.00
24.11.2021 12:23:42.484,16.85,53.79,31.76,8.41,447.33,75,2563.029,19.0,0.00,0.00
24.11.2021 12:23:42.785,16.85,53.79,31.76,4.59,246.90,75,2563.029,19.0,0.01,0.00
24.11.2021 12:23:43.000,16.85,54.69,28.25,4.59,246.90,75,2563.032,19.0,0.01,0.00
24.11.2021 12:23:43.267,15.24,54.69,28.25,-2.81,153.68,75,2563.032,19.0,0.01,0.00
24.11.2021 12:23:43.504,15.24,54.69,28.25,-2.81,153.68,75,2563.032,19.0,0.16,0.00
24.11.2021 12:23:43.782,15.24,54.75,21.16,-2.81,233.78,75,2563.034,19.0,0.16,0.00
24.11.2021 12:23:43.985,11.43,54.75,21.16,-4.27,233.78,75,2563.034,19.0,0.16,0.00
24.11.2021 12:23:44.200,11.43,54.75,21.16,-4.27,233.78,75,2563.034,19.0,0.11,0.00
24.11.2021 12:23:44.404,11.43,54.75,21.16,-4.27,233.78,75,2563.034,19.0,0.11,0.00
24.11.2021 12:23:44.684,11.43,54.44,16.93,-0.08,233.78,75,2563.036,19.0,0.11,0.00
24.11.2021 12:23:44.985,9.09,54.44,16.93,-0.08,4.36,75,2563.036,19.0,0.00,0.00
24.11.2021 12:23:45.189,9.09,54.44,16.93,-0.08,4.36,75,2563.036,19.0,0.00,0.00
24.11.2021 12:23:45.455,9.09,54.32,14.05,-0.08,117.33,75,2563.038,19.0,0.00,0.00
24.11.2021 12:23:45.751,7.53,54.32,14.05,-2.16,117.33,75,2563.038,19.0,0.00,0.00
24.11.2021 12:23:45.967,7.53,54.32,14.05,-2.16,117.33,75,2563.038,19.0,0.00,0.00
24.11.2021 12:23:46.175,7.53,54.00,10.49,-0.39,117.33,75,2563.039,19.0,0.00,0.00
24.11.2021 12:23:46.390,5.59,54.00,10.49,-0.39,21.06,75,2563.039,19.0,0.00,0.00
24.11.2021 12:23:46.595,5.59,54.00,10.49,-0.39,21.06,75,2563.039,19.0,0.00,0.00
24.11.2021 12:23:46.808,5.59,54.00,10.49,-0.39,21.06,75,2563.039,19.0,0.00,0.00
24.11.2021 12:23:47.076,6.20,53.89,11.66,0.10,21.06,75,2563.041,19.0,0.00,0.00
24.11.2021 12:23:47.290,6.20,53.89,11.66,0.10,5.39,75,2563.041,19.0,0.00,0.00
24.11.2021 12:23:47.593,6.20,53.89,11.66,0.10,5.39,75,2563.041,19.0,0.00,0.00
24.11.2021 12:23:47.892,6.20,54.17,10.18,0.10,33.59,75,2563.042,19.0,0.00,0.00
24.11.2021 12:23:48.186,5.44,54.17,10.18,-0.62,33.59,75,2563.042,19.0,0.00,0.00
24.11.2021 12:23:48.399,5.44,54.17,10.18,-0.62,33.59,75,2563.042,19.0,0.00,0.00
24.11.2021 12:23:48.667,5.44,54.04,9.81,-0.03,33.59,75,2563.043,19.0,0.00,0.00
24.11.2021 12:23:48.884,5.23,54.04,9.81,-0.03,1.62,75,2563.043,19.0,0.00,0.00
24.11.2021 12:23:49.090,5.23,54.04,9.81,-0.03,1.62,75,2563.043,19.0,0.00,0.00
24.11.2021 12:23:49.394,5.23,53.63,7.64,0.27,14.48,75,2563.043,19.0,0.00,0.00
24.11.2021 12:23:49.598,4.04,53.63,7.64,0.27,14.48,75,2563.043,19.0,0.00,0.00
24.11.2021 12:23:49.901,4.04,53.63,7.64,0.27,14.48,75,2563.043,19.0,0.00,0.00
24.11.2021 12:23:50.178,4.04,53.63,7.64,0.27,14.48,75,2563.043,19.0,0.00,0.00
24.11.2021 12:23:50.395,4.04,53.63,7.64,0.27,14.48,75,2563.043,19.0,0.00,0.00
24.11.2021 12:23:50.766,4.04,53.63,7.64,0.27,14.48,75,2563.043,19.0,0.00,0.00
24.11.2021 12:23:51.126,11.11,53.11,21.21,26.29,1396.26,75,2563.046,20.0,0.00,0.00
24.11.2021 12:23:51.462,11.11,53.11,21.21,26.29,1396.26,75,2563.046,20.0,0.00,0.00
24.11.2021 12:23:51.665,11.11,53.11,21.21,26.29,1396.26,75,2563.046,20.0,0.00,0.00
24.11.2021 12:23:51.911,13.77,52.13,26.78,26.29,1396.26,75,2563.049,20.0,0.00,0.00
24.11.2021 12:23:52.115,13.77,52.13,26.78,10.27,535.38,75,2563.049,20.0,0.00,0.00
24.11.2021 12:23:52.389,13.77,52.13,26.78,10.27,535.38,75,2563.049,20.0,0.00,0.00
24.11.2021 12:23:52.778,13.77,53.36,25.14,10.27,535.38,75,2563.051,20.0,0.00,0.00
24.11.2021 12:23:52.992,13.23,53.36,25.14,4.44,236.92,75,2563.051,20.0,0.00,0.00
24.11.2021 12:23:53.198,13.23,53.36,25.14,4.44,236.92,75,2563.051,20.0,0.00,0.00
24.11.2021 12:23:53.464,13.23,54.05,24.33,7.22,390.24,75,2563.054,20.0,0.00,0.00
24.11.2021 12:23:53.674,12.97,54.05,24.33,7.22,390.24,75,2563.054,20.0,0.00,0.00
24.11.2021 12:23:53.894,12.97,54.05,24.33,7.22,390.24,75,2563.054,20.0,0.00,0.00
24.11.2021 12:23:54.098,13.58,52.78,26.08,8.03,423.82,75,2563.057,20.0,0.00,0.00
24.11.2021 12:23:54.311,13.58,52.78,26.08,8.03,423.82,75,2563.057,20.0,0.00,0.00
24.11.2021 12:23:54.610,13.58,52.78,26.08,8.03,423.82,75,2563.057,20.0,0.00,0.00
24.11.2021 12:23:54.876,13.58,52.78,26.08,8.03,423.82,75,2563.057,20.0,0.00,0.00
24.11.2021 12:23:55.089,14.38,53.07,27.47,10.02,531.76,75,2563.060,20.0,0.00,0.00
24.11.2021 12:23:55.337,14.38,53.07,27.47,10.02,531.76,75,2563.060,20.0,0.00,0.00
24.11.2021 12:23:55.600,14.38,53.07,27.47,10.02,531.76,75,2563.060,20.0,0.00,0.00
24.11.2021 12:23:55.868,14.73,53.24,28.05,10.02,531.76,75,2563.063,20.0,0.00,0.00
24.11.2021 12:23:56.076,14.73,53.24,28.05,7.97,424.32,75,2563.063,20.0,0.00,0.00
24.11.2021 12:23:56.294,14.73,53.24,28.05,7.97,424.32,75,2563.063,20.0,0.00,0.00
24.11.2021 12:23:56.714,14.73,53.19,26.87,8.91,473.92,75,2563.066,20.0,0.00,0.00
24.11.2021 12:23:57.009,14.10,53.19,26.87,8.91,473.92,75,2563.066,20.0,0.00,0.00
24.11.2021 12:23:57.288,14.10,53.19,26.87,8.91,473.92,75,2563.066,20.0,0.00,0.00
24.11.2021 12:23:57.576,14.10,53.63,25.37,14.71,788.90,75,2563.069,20.0,0.00,0.00
24.11.2021 12:23:57.793,13.42,53.63,25.37,14.71,788.90,75,2563.069,20.0,0.00,0.00
24.11.2021 12:23:58.091,13.42,53.63,25.37,14.71,788.90,75,2563.069,20.0,0.00,0.00
24.11.2021 12:23:58.392,14.27,52.61,27.50,14.71,788.90,75,2563.072,20.0,0.00,0.00
24.11.2021 12:23:58.690,14.27,52.61,27.50,9.87,519.26,75,2563.072,20.0,0.00,0.00
24.11.2021 12:23:58.997,15.23,53.04,29.11,9.87,519.26,75,2563.075,20.0,0.00,0.00
24.11.2021 12:23:59.285,15.23,53.04,29.11,9.31,493.80,75,2563.075,20.0,0.00,0.00
24.11.2021 12:23:59.496,15.23,53.04,29.11,9.31,493.80,75,2563.075,20.0,0.00,0.00
24.11.2021 12:23:59.749,15.23,53.04,29.11,9.31,493.80,75,2563.075,20.0,0.00,0.00
24.11.2021 12:24:00.071,15.23,53.06,29.00,9.31,493.80,75,2563.078,20.0,0.00,0.00
24.11.2021 12:24:00.403,15.18,53.06,29.00,8.32,441.46,75,2563.078,20.0,0.00,0.00
24.11.2021 12:24:00.710,15.18,53.06,29.00,8.32,441.46,75,2563.078,20.0,0.00,0.00
24.11.2021 12:24:01.158,15.36,53.04,29.36,9.73,516.08,75,2563.082,20.0,0.00,0.00
24.11.2021 12:24:01.566,15.72,53.04,30.05,10.40,551.62,75,2563.085,20.0,0.00,0.00
24.11.2021 12:24:01.866,15.72,53.04,30.05,10.40,551.62,75,2563.085,20.0,0.00,0.00
24.11.2021 12:24:02.076,15.72,53.04,30.05,10.40,551.62,75,2563.085,20.0,0.00,0.00
24.11.2021 12:24:02.378,15.72,53.04,29.30,10.40,551.62,75,2563.088,20.0,0.00,0.00
24.11.2021 12:24:02.825,15.33,53.04,29.30,7.19,381.36,75,2563.088,20.0,0.00,0.00
24.11.2021 12:24:03.096,15.33,53.04,29.30,7.19,381.36,75,2563.088,20.0,0.00,0.00
24.11.2021 12:24:03.306,15.33,53.04,29.30,7.19,381.36,75,2563.088,20.0,0.00,0.00
24.11.2021 12:24:03.515,15.33,53.04,29.30,7.19,381.36,75,2563.088,20.0,0.00,0.00
24.11.2021 12:24:03.755,15.33,53.04,29.30,7.19,381.36,75,2563.088,20.0,0.00,0.00
24.11.2021 12:24:03.965,15.33,52.98,27.36,9.21,487.95,75,2563.094,20.0,0.00,0.00
24.11.2021 12:24:04.324,14.30,52.98,27.36,9.21,487.95,75,2563.094,20.0,0.00,0.00
24.11.2021 12:24:04.565,14.30,52.98,27.36,9.21,487.95,75,2563.094,20.0,0.00,0.00
24.11.2021 12:24:04.775,14.42,53.02,27.57,10.26,543.99,75,2563.097,20.0,0.00,0.00
24.11.2021 12:24:04.984,14.42,53.02,27.57,10.26,543.99,75,2563.097,20.0,0.00,0.00
24.11.2021 12:24:05.254,14.42,53.02,27.57,10.26,543.99,75,2563.097,20.0,0.00,0.00
24.11.2021 12:24:05.554,14.56,53.02,27.84,10.85,575.27,75,2563.100,20.0,0.00,0.00
24.11.2021 12:24:05.825,14.56,53.02,27.84,10.85,575.27,75,2563.100,20.0,0.00,0.00
24.11.2021 12:24:06.094,14.56,53.02,27.84,10.85,575.27,75,2563.100,20.0,0.00,0.00
24.11.2021 12:24:06.364,14.60,53.02,27.92,10.85,575.27,75,2563.103,20.0,0.00,0.00
24.11.2021 12:24:06.634,14.60,53.02,27.92,9.20,487.78,75,2563.103,20.0,0.00,0.00
24.11.2021 12:24:06.874,14.60,53.02,27.92,9.20,487.78,75,2563.103,20.0,0.00,0.00
24.11.2021 12:24:07.084,14.60,53.02,27.92,9.20,487.78,75,2563.103,20.0,0.00,0.00
24.11.2021 12:24:07.384,14.56,52.99,27.86,11.63,616.27,75,2563.107,20.0,0.00,0.00
24.11.2021 12:24:07.647,14.56,52.99,27.86,11.63,616.27,75,2563.107,20.0,0.00,0.00
24.11.2021 12:24:07.956,14.56,52.85,26.70,11.63,616.27,75,2563.110,20.0,0.00,0.00
24.11.2021 12:24:08.256,13.92,52.85,26.70,7.73,408.53,75,2563.110,20.0,0.00,0.00
24.11.2021 12:24:08.466,13.92,52.85,26.70,7.73,408.53,75,2563.110,20.0,0.00,0.00
24.11.2021 12:24:08.969,13.92,52.95,26.33,7.73,408.53,75,2563.112,20.0,0.00,0.00
24.11.2021 12:24:09.276,13.75,52.95,26.33,5.32,281.69,75,2563.112,20.0,0.00,0.00
24.11.2021 12:24:09.575,13.97,52.69,26.88,12.60,663.89,75,2563.115,20.0,0.00,0.00
24.11.2021 12:24:09.816,13.97,52.69,26.88,12.60,663.89,75,2563.115,20.0,0.00,0.00
24.11.2021 12:24:10.026,13.97,52.69,26.88,12.60,663.89,75,2563.115,20.0,0.00,0.00
24.11.2021 12:24:10.465,14.43,52.69,27.76,12.60,663.89,75,2563.118,20.0,0.00,0.00
24.11.2021 12:24:10.866,14.43,52.69,27.76,12.08,636.50,75,2563.118,20.0,0.00,0.00
24.11.2021 12:24:11.136,14.43,52.54,26.40,12.08,636.50,75,2563.121,20.0,0.00,0.00
24.11.2021 12:24:11.466,13.68,52.54,26.40,11.38,597.91,75,2563.121,20.0,0.00,0.00
24.11.2021 12:24:11.676,13.68,52.54,26.40,11.38,597.91,75,2563.121,20.0,0.00,0.00
24.11.2021 12:24:11.979,14.78,52.54,28.52,15.60,819.62,75,2563.124,20.0,0.00,0.00
24.11.2021 12:24:12.276,14.78,52.54,28.52,15.60,819.62,75,2563.124,20.0,0.00,0.00
24.11.2021 12:24:12.570,14.78,52.54,28.52,15.60,819.62,75,2563.124,20.0,0.00,0.00
24.11.2021 12:24:12.816,15.89,52.54,30.66,18.79,987.23,75,2563.128,21.0,0.00,0.00
24.11.2021 12:24:13.085,15.89,52.54,30.66,18.79,987.23,75,2563.128,21.0,0.00,0.00
24.11.2021 12:24:13.355,15.89,52.54,30.66,18.79,987.23,75,2563.128,21.0,0.00,0.00
24.11.2021 12:24:13.566,16.68,52.54,32.19,18.79,987.23,75,2563.131,21.0,0.00,0.00
24.11.2021 12:24:13.776,16.68,52.54,32.19,12.02,631.53,75,2563.131,21.0,0.00,0.00
24.11.2021 12:24:14.076,16.68,52.54,32.19,12.02,631.53,75,2563.131,21.0,0.00,0.00
24.11.2021 12:24:14.346,16.68,52.54,31.95,13.19,693.00,75,2563.134,21.0,0.00,0.00
24.11.2021 12:24:14.676,16.56,52.54,31.95,13.19,693.00,75,2563.134,21.0,0.00,0.00
24.11.2021 12:24:14.945,16.56,52.54,31.95,13.19,693.00,75,2563.134,21.0,0.00,0.00
24.11.2021 12:24:15.275,16.77,52.64,32.30,13.19,693.00,75,2563.138,21.0,0.00,0.00
24.11.2021 12:24:15.516,16.77,52.64,32.30,11.23,591.15,75,2563.138,21.0,0.00,0.00
24.11.2021 12:24:15.825,16.77,52.64,32.30,11.23,591.15,75,2563.138,21.0,0.00,0.00
24.11.2021 12:24:16.051,16.77,52.64,30.78,12.82,674.84,75,2563.142,21.0,0.00,0.00
24.11.2021 12:24:16.296,15.98,52.64,30.78,12.82,674.84,75,2563.142,21.0,0.00,0.00
24.11.2021 12:24:16.535,15.98,52.64,30.78,12.82,674.84,75,2563.142,21.0,0.00,0.00
24.11.2021 12:24:16.775,16.51,52.47,31.90,12.82,674.84,75,2563.145,21.0,0.00,0.00
24.11.2021 12:24:17.047,16.51,52.47,31.90,10.15,532.57,75,2563.145,21.0,0.00,0.00
24.11.2021 12:24:17.256,16.51,52.47,31.90,10.15,532.57,75,2563.145,21.0,0.00,0.00
24.11.2021 12:24:17.556,16.51,52.47,31.11,10.15,532.57,75,2563.148,21.0,0.00,0.00
24.11.2021 12:24:17.766,16.10,52.47,31.11,8.54,448.09,75,2563.148,21.0,0.00,0.00
24.11.2021 12:24:17.975,16.10,52.47,31.11,8.54,448.09,75,2563.148,21.0,0.00,0.00
24.11.2021 12:24:18.366,16.10,53.33,28.53,8.54,448.09,75,2563.151,21.0,0.00,0.00
24.11.2021 12:24:18.576,15.01,53.33,28.53,2.67,142.39,75,2563.151,21.0,0.00,0.00
24.11.2021 12:24:18.815,15.01,53.33,28.53,2.67,142.39,75,2563.151,21.0,0.00,0.00
24.11.2021 12:24:19.084,15.44,52.84,29.62,6.26,330.78,74,2563.154,21.0,0.00,0.00
24.11.2021 12:24:19.296,15.44,52.84,29.62,6.26,330.78,74,2563.154,21.0,0.00,0.00
24.11.2021 12:24:19.504,15.44,52.84,29.62,6.26,330.78,74,2563.154,21.0,0.00,0.00
24.11.2021 12:24:19.852,15.44,52.84,29.62,6.26,330.78,74,2563.154,21.0,0.00,0.00
24.11.2021 12:24:20.147,15.44,52.84,29.62,6.26,330.78,74,2563.154,21.0,0.00,0.00
24.11.2021 12:24:20.524,15.44,52.84,29.62,6.26,330.78,74,2563.154,21.0,0.00,0.00
24.11.2021 12:24:20.764,15.44,53.20,28.76,6.26,330.78,74,2563.161,21.0,0.00,0.00
24.11.2021 12:24:20.974,15.09,53.20,28.76,4.10,218.12,74,2563.161,21.0,0.00,0.00
24.11.2021 12:24:21.273,15.09,53.20,28.76,4.10,218.12,74,2563.161,21.0,0.00,0.00
24.11.2021 12:24:21.574,15.14,53.08,28.92,5.12,271.77,74,2563.164,21.0,0.00,0.00
24.11.2021 12:24:21.783,15.14,53.08,28.92,5.12,271.77,74,2563.164,21.0,0.00,0.00
24.11.2021 12:24:22.024,15.14,53.08,28.92,5.12,271.77,74,2563.164,21.0,0.00,0.00
24.11.2021 12:24:22.461,15.21,53.27,28.95,5.12,271.77,74,2563.167,21.0,0.00,0.00
24.11.2021 12:24:22.686,15.21,53.27,28.95,4.43,235.99,74,2563.167,21.0,0.00,0.00
24.11.2021 12:24:22.926,15.21,53.27,28.95,4.43,235.99,74,2563.167,21.0,0.00,0.00
24.11.2021 12:24:23.256,15.21,53.24,28.70,5.65,300.81,74,2563.170,21.0,0.00,0.00
24.11.2021 12:24:23.465,15.07,53.24,28.70,5.65,300.81,74,2563.170,21.0,0.00,0.00
24.11.2021 12:24:23.676,15.07,53.24,28.70,5.65,300.81,74,2563.170,21.0,0.00,0.00
24.11.2021 12:24:24.006,15.11,53.37,28.70,5.65,300.81,74,2563.173,21.0,0.00,0.00
24.11.2021 12:24:24.275,15.11,53.37,28.70,5.17,275.92,74,2563.173,21.0,0.00,0.00
24.11.2021 12:24:24.576,15.11,53.37,28.70,5.17,275.92,74,2563.173,21.0,0.00,0.00
24.11.2021 12:24:24.815,15.11,53.22,28.61,5.17,275.92,74,2563.176,21.0,0.00,0.00
24.11.2021 12:24:25.086,15.02,53.22,28.61,5.00,266.10,74,2563.176,21.0,0.00,0.00
24.11.2021 12:24:25.325,15.02,53.22,28.61,5.00,266.10,74,2563.176,21.0,0.00,0.00
24.11.2021 12:24:25.565,15.02,53.26,27.01,5.00,266.10,74,2563.179,21.0,0.00,0.00
24.11.2021 12:24:25.776,14.19,53.26,27.01,4.36,232.21,74,2563.179,21.0,0.00,0.00
24.11.2021 12:24:26.016,14.19,53.26,27.01,4.36,232.21,74,2563.179,21.0,0.01,0.00
24.11.2021 12:24:26.346,14.19,53.52,25.72,4.36,232.21,74,2563.182,21.0,0.01,0.00
24.11.2021 12:24:26.675,13.58,53.52,25.72,-0.46,24.62,74,2563.182,21.0,0.01,0.00
24.11.2021 12:24:26.976,13.58,53.52,25.72,-0.46,24.62,74,2563.182,21.0,0.00,0.00
24.11.2021 12:24:27.276,13.58,53.30,24.19,1.21,64.49,74,2563.185,21.0,0.00,0.00
24.11.2021 12:24:27.545,12.72,53.30,24.19,1.21,64.49,74,2563.185,21.0,0.00,0.00
24.11.2021 12:24:27.756,12.72,53.30,24.19,1.21,64.49,74,2563.185,21.0,0.00,0.00
24.11.2021 12:24:27.966,12.72,53.45,23.92,1.21,64.49,74,2563.188,21.0,0.00,0.00
24.11.2021 12:24:28.206,12.61,53.45,23.92,0.15,8.02,74,2563.188,20.0,0.00,0.00
24.11.2021 12:24:28.475,12.61,53.45,23.92,0.15,8.02,74,2563.188,20.0,0.00,0.00
24.11.2021 12:24:28.775,12.61,53.61,21.35,0.15,32.17,74,2563.190,20.0,0.00,0.00
24.11.2021 12:24:29.047,11.29,53.61,21.35,-0.60,32.17,74,2563.190,20.0,0.00,0.00
24.11.2021 12:24:29.401,11.29,53.61,21.35,-0.60,32.17,74,2563.190,20.0,0.00,0.00
24.11.2021 12:24:29.616,11.29,53.89,19.17,-0.60,100.77,74,2563.193,20.0,0.00,0.00
24.11.2021 12:24:29.855,10.19,53.89,19.17,-1.87,100.77,74,2563.193,20.0,0.00,0.00
24.11.2021 12:24:30.065,10.19,53.89,19.17,-1.87,100.77,74,2563.193,20.0,0.00,0.00
24.11.2021 12:24:30.366,10.19,53.52,18.81,-0.75,100.77,74,2563.194,20.0,0.00,0.00
24.11.2021 12:24:30.575,9.93,53.52,18.81,-0.75,40.14,74,2563.194,20.0,0.00,0.00
24.11.2021 12:24:31.070,9.93,53.52,18.81,-0.75,40.14,74,2563.194,20.0,0.00,0.00
24.11.2021 12:24:31.294,9.93,53.68,17.41,-0.04,40.14,74,2563.197,20.0,0.00,0.00
24.11.2021 12:24:31.564,9.22,53.68,17.41,-0.04,2.15,74,2563.197,20.0,0.00,0.00
24.11.2021 12:24:31.775,9.22,53.68,17.41,-0.04,2.15,74,2563.197,20.0,0.00,0.00
24.11.2021 12:24:31.986,9.22,53.60,16.25,0.06,3.22,74,2563.198,20.0,0.00,0.00
24.11.2021 12:24:32.197,8.59,53.60,16.25,0.06,3.22,74,2563.198,20.0,0.00,0.00
24.11.2021 12:24:32.556,8.59,53.60,16.25,0.06,3.22,74,2563.198,20.0,0.00,0.00
24.11.2021 12:24:32.766,9.44,53.50,17.89,1.41,75.44,74,2563.200,20.0,0.00,0.00
24.11.2021 12:24:32.975,9.44,53.50,17.89,1.41,75.44,74,2563.200,20.0,0.00,0.00
24.11.2021 12:24:33.276,9.44,53.50,17.89,1.41,75.44,74,2563.200,20.0,0.00,0.00
24.11.2021 12:24:33.576,9.44,53.74,17.30,1.41,75.44,74,2563.202,20.0,0.00,0.00
24.11.2021 12:24:33.816,9.17,53.74,17.30,-0.35,18.81,74,2563.202,20.0,0.00,0.00
24.11.2021 12:24:34.025,9.17,53.74,17.30,-0.35,18.81,74,2563.202,20.0,0.00,0.00
24.11.2021 12:24:34.355,9.75,53.27,18.56,2.09,111.33,74,2563.204,20.0,0.00,0.00
24.11.2021 12:24:34.685,9.75,53.27,18.56,2.09,111.33,74,2563.204,20.0,0.00,0.00
24.11.2021 12:24:34.985,9.75,53.27,18.56,2.09,111.33,74,2563.204,20.0,0.00,0.00
24.11.2021 12:24:35.195,10.35,53.72,19.53,2.09,111.33,74,2563.206,20.0,0.00,0.00
24.11.2021 12:24:35.465,10.35,53.72,19.53,-0.12,6.45,74,2563.206,20.0,0.00,0.00
24.11.2021 12:24:35.676,10.35,53.72,19.53,-0.12,6.45,74,2563.206,20.0,0.00,0.00
24.11.2021 12:24:35.976,10.35,53.95,17.76,-0.12,87.40,74,2563.208,20.0,0.00,0.00
24.11.2021 12:24:36.274,9.45,53.95,17.76,-1.62,87.40,74,2563.208,20.0,0.00,0.00
24.11.2021 12:24:36.575,9.45,53.95,17.76,-1.62,87.40,74,2563.208,20.0,0.00,0.00
24.11.2021 12:24:36.845,9.45,54.14,12.81,-1.62,145.10,74,2563.209,20.0,0.00,0.00
24.11.2021 12:24:37.084,6.84,54.14,12.81,-2.68,145.10,74,2563.209,20.0,0.00,0.00
24.11.2021 12:24:37.355,6.84,54.14,12.81,-2.68,145.10,74,2563.209,20.0,0.00,0.00
24.11.2021 12:24:37.625,6.84,53.93,11.37,-1.23,145.10,74,2563.211,20.0,0.00,0.00
24.11.2021 12:24:37.836,6.05,53.93,11.37,-1.23,66.33,74,2563.211,20.0,0.00,0.00
24.11.2021 12:24:38.104,6.05,53.93,11.37,-1.23,66.33,74,2563.211,20.0,0.00,0.00
24.11.2021 12:24:38.374,6.05,53.86,6.08,-0.76,66.33,74,2563.211,20.0,0.00,0.00
24.11.2021 12:24:38.584,3.23,53.86,6.08,-0.76,40.93,74,2563.211,20.0,0.00,0.00
24.11.2021 12:24:38.993,3.23,53.86,6.08,-0.76,40.93,74,2563.211,20.0,0.00,0.00
24.11.2021 12:24:39.274,3.23,53.75,3.32,-0.33,40.93,74,2563.212,21.0,0.00,0.00
24.11.2021 12:24:39.515,1.76,53.75,3.32,-0.33,17.74,74,2563.212,21.0,0.00,0.00
24.11.2021 12:24:39.755,1.76,53.75,3.32,-0.33,17.74,74,2563.212,21.0,0.00,0.00
24.11.2021 12:24:39.966,1.76,53.69,1.36,0.03,17.74,74,2563.212,21.0,0.00,0.00
24.11.2021 12:24:40.279,0.72,53.69,1.36,0.03,1.61,74,2563.212,21.0,0.00,0.00
24.11.2021 12:24:40.536,0.72,53.69,1.36,0.03,1.61,74,2563.212,21.0,0.00,0.00
24.11.2021 12:24:40.775,0.72,53.66,0.47,0.21,11.27,74,2563.212,21.0,0.00,0.00
24.11.2021 12:24:40.985,0.25,53.66,0.47,0.21,11.27,74,2563.212,21.0,0.00,0.00
24.11.2021 12:24:41.287,0.25,53.66,0.47,0.21,11.27,74,2563.212,21.0,0.00,0.00
24.11.2021 12:24:41.553,0.25,53.68,0.47,0.21,11.27,74,2563.212,21.0,0.00,0.00
24.11.2021 12:24:41.769,0.25,53.68,0.47,0.16,8.59,74,2563.212,20.0,0.00,0.00
24.11.2021 12:24:41.975,0.25,53.68,0.47,0.16,8.59,74,2563.212,20.0,0.00,0.00
24.11.2021 12:24:42.255,0.25,53.68,0.47,0.16,8.59,74,2563.212,20.0,0.00,0.00
24.11.2021 12:24:42.464,0.25,53.66,0.00,0.29,15.56,74,2563.212,20.0,0.00,0.00
24.11.2021 12:24:42.725,0.00,53.66,0.00,0.29,15.56,74,2563.212,20.0,0.00,0.00
24.11.2021 12:24:42.936,0.00,53.66,0.00,0.29,15.56,74,2563.212,20.0,0.00,0.00
24.11.2021 12:24:43.265,0.30,53.67,0.57,0.29,15.56,74,2563.212,20.0,0.00,0.00
24.11.2021 12:24:43.476,0.30,53.67,0.57,0.20,10.73,74,2563.212,20.0,0.00,0.00
24.11.2021 12:24:43.745,0.30,53.67,0.57,0.20,10.73,74,2563.212,20.0,0.00,0.00
24.11.2021 12:24:43.956,0.30,53.65,0.45,0.33,17.70,74,2563.212,20.0,0.00,0.00
24.11.2021 12:24:44.254,0.24,53.65,0.45,0.33,17.70,74,2563.212,20.0,0.00,0.00
24.11.2021 12:24:44.464,0.24,53.65,0.45,0.33,17.70,74,2563.212,20.0,0.00,0.00
24.11.2021 12:24:44.764,0.77,53.64,1.46,0.33,17.70,74,2563.212,20.0,0.00,0.00
24.11.2021 12:24:44.976,0.77,53.64,1.46,0.29,15.56,74,2563.212,20.0,0.00,0.00
24.11.2021 12:24:45.275,0.77,53.64,1.46,0.29,15.56,74,2563.212,20.0,0.00,0.00
24.11.2021 12:24:45.575,0.77,53.70,0.36,0.29,15.56,74,2563.212,20.0,0.00,0.00
24.11.2021 12:24:45.815,0.19,53.70,0.36,0.19,10.20,74,2563.212,20.0,0.00,0.00
24.11.2021 12:24:46.025,0.19,53.70,0.36,0.19,10.20,74,2563.212,20.0,0.00,0.00
24.11.2021 12:24:46.356,0.27,53.66,0.51,0.32,17.17,74,2563.212,20.0,0.00,0.00
24.11.2021 12:24:46.656,0.27,53.66,0.51,0.32,17.17,74,2563.212,20.0,0.00,0.00
24.11.2021 12:24:46.996,0.27,53.66,0.51,0.32,17.17,74,2563.212,20.0,0.00,0.00
24.11.2021 12:24:47.316,0.27,53.67,0.00,0.36,19.32,74,2563.212,20.0,0.00,0.00
24.11.2021 12:24:47.555,0.00,53.67,0.00,0.36,19.32,74,2563.212,20.0,0.00,0.00
24.11.2021 12:24:47.765,0.00,53.67,0.00,0.36,19.32,74,2563.212,20.0,0.00,0.00
24.11.2021 12:24:48.063,0.30,53.67,0.57,0.36,19.32,74,2563.212,21.0,0.00,0.00
24.11.2021 12:24:48.275,0.30,53.67,0.57,0.31,16.64,74,2563.212,21.0,0.00,0.00
24.11.2021 12:24:48.574,0.30,53.67,0.57,0.31,16.64,74,2563.212,21.0,0.00,0.00
24.11.2021 12:24:48.784,0.30,53.71,0.00,0.31,16.64,74,2563.212,21.0,0.00,0.00
24.11.2021 12:24:49.056,0.00,53.71,0.00,0.15,8.06,74,2563.212,21.0,0.00,0.00
24.11.2021 12:24:49.355,0.00,53.71,0.00,0.15,8.06,74,2563.212,21.0,0.00,0.00
24.11.2021 12:24:49.656,0.26,53.72,0.49,0.15,8.06,74,2563.212,21.0,0.00,0.00
24.11.2021 12:24:49.924,0.26,53.72,0.49,0.10,5.37,74,2563.212,20.0,0.00,0.00
24.11.2021 12:24:50.256,0.55,53.69,1.04,0.44,23.62,74,2563.212,20.0,0.00,0.00
24.11.2021 12:24:50.495,0.55,53.69,1.04,0.44,23.62,74,2563.212,20.0,0.00,0.00
24.11.2021 12:24:50.835,0.55,53.69,1.04,0.44,23.62,74,2563.212,20.0,0.00,0.00
24.11.2021 12:24:51.094,1.90,53.70,3.59,0.59,31.68,74,2563.212,20.0,0.00,0.00
24.11.2021 12:24:51.334,1.90,53.70,3.59,0.59,31.68,74,2563.212,20.0,0.00,0.00
24.11.2021 12:24:51.574,1.90,53.70,3.59,0.59,31.68,74,2563.212,20.0,0.00,0.00
24.11.2021 12:24:51.846,6.29,53.34,11.95,5.35,285.37,74,2563.213,20.0,0.00,0.00
24.11.2021 12:24:52.085,6.29,53.34,11.95,5.35,285.37,74,2563.213,20.0,0.00,0.00
24.11.2021 12:24:52.295,6.29,53.34,11.95,5.35,285.37,74,2563.213,20.0,0.00,0.00
24.11.2021 12:24:52.505,6.29,53.34,11.95,5.35,285.37,74,2563.213,20.0,0.00,0.00
24.11.2021 12:24:52.714,7.79,53.00,14.90,6.61,350.33,74,2563.214,21.0,0.00,0.00
24.11.2021 12:24:52.985,7.79,53.00,14.90,6.61,350.33,74,2563.214,21.0,0.00,0.00
24.11.2021 12:24:53.465,7.79,53.00,14.90,6.61,350.33,74,2563.214,21.0,0.00,0.00
24.11.2021 12:24:53.705,7.79,53.00,14.90,6.61,350.33,74,2563.214,21.0,0.00,0.00
24.11.2021 12:24:53.975,7.79,53.00,14.90,6.61,350.33,74,2563.214,21.0,0.00,0.00
24.11.2021 12:24:54.245,9.49,52.71,18.25,7.20,379.51,74,2563.218,21.0,0.00,0.00
24.11.2021 12:24:54.455,9.49,52.71,18.25,7.20,379.51,74,2563.218,21.0,0.00,0.00
24.11.2021 12:24:54.785,9.49,52.71,18.25,7.20,379.51,74,2563.218,21.0,0.00,0.00
24.11.2021 12:24:55.084,9.49,53.62,15.11,7.20,379.51,74,2563.219,21.0,0.00,0.00
24.11.2021 12:24:55.384,7.99,53.62,15.11,1.70,91.15,74,2563.219,21.0,0.00,0.00
24.11.2021 12:24:55.625,7.99,53.62,15.11,1.70,91.15,74,2563.219,21.0,0.00,0.00
24.11.2021 12:24:55.983,7.99,53.54,14.01,1.70,91.15,74,2563.221,21.0,0.00,0.00
24.11.2021 12:24:56.285,7.40,53.54,14.01,1.49,79.77,74,2563.221,21.0,0.00,0.00
24.11.2021 12:24:56.704,7.40,53.54,14.01,1.49,79.77,74,2563.221,21.0,0.00,0.00
24.11.2021 12:24:56.914,7.40,53.54,14.01,1.49,79.77,74,2563.221,21.0,0.00,0.00
24.11.2021 12:24:57.154,7.40,53.54,14.01,1.49,79.77,74,2563.221,21.0,0.00,0.00
24.11.2021 12:24:57.484,7.40,53.54,14.01,1.49,79.77,74,2563.221,21.0,0.00,0.00
24.11.2021 12:24:57.784,7.40,53.54,14.01,1.49,79.77,74,2563.221,21.0,0.00,0.00
24.11.2021 12:24:57.994,7.40,53.54,14.01,1.49,79.77,74,2563.221,21.0,0.00,0.00
24.11.2021 12:24:58.294,7.40,53.22,9.62,3.22,171.37,74,2563.225,21.0,0.00,0.00
24.11.2021 12:24:58.564,5.05,53.22,9.62,3.22,171.37,74,2563.225,21.0,0.00,0.00
24.11.2021 12:24:58.774,5.05,53.22,9.62,3.22,171.37,74,2563.225,21.0,0.00,0.00
24.11.2021 12:24:59.105,5.05,53.64,6.01,3.22,171.37,74,2563.226,21.0,0.00,0.00
24.11.2021 12:24:59.316,3.18,53.64,6.01,0.21,11.26,74,2563.226,21.0,0.00,0.00
24.11.2021 12:24:59.563,3.18,53.64,6.01,0.21,11.26,74,2563.226,21.0,0.00,0.00
24.11.2021 12:24:59.825,3.44,53.43,6.53,1.83,97.78,74,2563.226,21.0,0.00,0.00
24.11.2021 12:25:00.154,3.44,53.43,6.53,1.83,97.78,74,2563.226,21.0,0.00,0.00
24.11.2021 12:25:00.365,3.44,53.43,6.53,1.83,97.78,74,2563.226,21.0,0.00,0.00
24.11.2021 12:25:00.575,3.44,53.43,6.53,1.83,97.78,74,2563.226,21.0,0.00,0.00
24.11.2021 12:25:00.784,3.44,53.53,5.74,1.83,97.78,74,2563.226,21.0,0.00,0.00
24.11.2021 12:25:00.995,3.03,53.53,5.74,1.20,64.24,74,2563.226,21.0,0.00,0.00
24.11.2021 12:25:01.205,3.03,53.53,5.74,1.20,64.24,74,2563.226,21.0,0.00,0.00
24.11.2021 12:25:01.444,3.03,53.53,5.74,1.20,64.24,74,2563.226,21.0,0.00,0.00
24.11.2021 12:25:01.655,3.03,53.53,5.74,1.20,64.24,74,2563.226,21.0,0.00,0.00
24.11.2021 12:25:01.924,3.03,53.53,5.74,1.20,64.24,74,2563.226,21.0,0.00,0.00
24.11.2021 12:25:02.255,3.79,53.46,7.19,1.43,76.45,74,2563.227,21.0,0.00,0.00
24.11.2021 12:25:02.524,3.79,53.46,7.19,1.43,76.45,74,2563.227,21.0,0.00,0.00
24.11.2021 12:25:02.795,3.79,53.46,7.19,1.43,76.45,74,2563.227,21.0,0.00,0.00
24.11.2021 12:25:03.065,3.79,53.62,2.17,1.43,76.45,74,2563.227,21.0,0.00,0.00
24.11.2021 12:25:03.306,1.15,53.62,2.17,0.43,23.06,74,2563.227,21.0,0.00,0.00
24.11.2021 12:25:03.574,1.15,53.62,2.17,0.43,23.06,74,2563.227,21.0,0.00,0.00
24.11.2021 12:25:03.815,1.15,53.69,0.47,0.43,23.06,74,2563.227,21.0,0.00,0.00
24.11.2021 12:25:04.025,0.25,53.69,0.47,0.18,9.66,74,2563.227,21.0,0.00,0.00
24.11.2021 12:25:04.265,0.25,53.69,0.47,0.18,9.66,74,2563.227,21.0,0.00,0.00
24.11.2021 12:25:04.565,0.25,53.69,0.47,0.18,9.66,74,2563.227,21.0,0.00,0.00
24.11.2021 12:25:04.774,1.00,53.64,1.89,0.39,20.92,74,2563.227,21.0,0.00,0.00
24.11.2021 12:25:05.015,1.00,53.64,1.89,0.39,20.92,74,2563.227,21.0,0.00,0.00
24.11.2021 12:25:05.224,1.00,53.64,1.89,0.39,20.92,74,2563.227,21.0,0.00,0.00
24.11.2021 12:25:05.495,1.00,53.67,0.57,0.39,20.92,74,2563.227,21.0,0.00,0.00
24.11.2021 12:25:05.795,0.30,53.67,0.57,0.30,16.10,74,2563.227,21.0,0.00,0.00
24.11.2021 12:25:06.005,0.30,53.67,0.57,0.30,16.10,74,2563.227,21.0,0.00,0.00
24.11.2021 12:25:06.275,0.30,53.69,0.47,0.30,16.10,74,2563.227,21.0,0.00,0.00
24.11.2021 12:25:06.484,0.25,53.69,0.47,0.13,6.98,74,2563.227,21.0,0.00,0.00
24.11.2021 12:25:06.695,0.25,53.69,0.47,0.13,6.98,74,2563.227,21.0,0.00,0.00
24.11.2021 12:25:06.935,0.25,53.69,0.47,0.13,6.98,74,2563.227,21.0,0.00,0.00
24.11.2021 12:25:07.144,0.25,53.70,0.23,0.13,6.98,74,2563.227,21.0,0.00,0.00
24.11.2021 12:25:07.355,0.12,53.70,0.23,0.10,5.37,74,2563.227,21.0,0.00,0.00
24.11.2021 12:25:07.624,0.12,53.70,0.23,0.10,5.37,74,2563.227,21.0,0.00,0.00
24.11.2021 12:25:07.925,0.12,53.70,0.00,0.10,5.37,74,2563.227,21.0,0.00,0.00
24.11.2021 12:25:08.225,0.00,53.70,0.00,0.10,5.37,74,2563.227,21.0,0.00,0.00
24.11.2021 12:25:08.495,0.00,53.70,0.00,0.10,5.37,74,2563.227,21.0,0.00,0.00
24.11.2021 12:25:08.736,0.27,53.70,0.51,0.10,5.37,74,2563.227,21.0,0.00,0.00
24.11.2021 12:25:08.943,0.27,53.70,0.51,0.10,5.37,74,2563.227,21.0,0.00,0.00
24.11.2021 12:25:09.155,0.27,53.70,0.51,0.10,5.37,74,2563.227,21.0,0.00,0.00
24.11.2021 12:25:09.395,0.32,53.70,0.60,0.10,5.37,74,2563.227,21.0,0.00,0.00
24.11.2021 12:25:09.656,0.32,53.70,0.60,0.10,5.37,74,2563.227,21.0,0.00,0.00
24.11.2021 12:25:09.965,0.32,53.70,0.60,0.10,5.37,74,2563.227,21.0,0.00,0.00
24.11.2021 12:25:10.204,0.65,53.71,1.23,0.12,6.45,74,2563.227,21.0,0.00,0.00
24.11.2021 12:25:10.415,0.65,53.71,1.23,0.12,6.45,74,2563.227,21.0,0.00,0.00
24.11.2021 12:25:10.625,0.65,53.71,1.23,0.12,6.45,74,2563.227,21.0,0.00,0.00
24.11.2021 12:25:10.829,0.65,53.71,1.23,0.12,6.45,74,2563.227,21.0,0.00,0.00
24.11.2021 12:25:11.195,0.65,53.73,0.53,0.12,6.45,74,2563.227,21.0,0.00,0.00
24.11.2021 12:25:11.464,0.28,53.73,0.53,0.09,4.84,74,2563.227,21.0,0.00,0.00
24.11.2021 12:25:11.705,0.28,53.73,0.53,0.09,4.84,74,2563.227,21.0,0.00,0.00
24.11.2021 12:25:12.005,0.38,53.72,0.72,0.12,6.45,74,2563.227,21.0,0.00,0.00
24.11.2021 12:25:12.275,0.38,53.72,0.72,0.12,6.45,74,2563.227,21.0,0.00,0.00
24.11.2021 12:25:12.545,0.38,53.72,0.72,0.12,6.45,74,2563.227,21.0,0.00,0.00
24.11.2021 12:25:12.755,0.38,53.73,0.55,0.12,6.45,74,2563.227,21.0,0.00,0.00
24.11.2021 12:25:12.965,0.29,53.73,0.55,0.10,5.37,74,2563.227,21.0,0.00,0.00
24.11.2021 12:25:13.235,0.29,53.73,0.55,0.10,5.37,74,2563.227,21.0,0.00,0.00
24.11.2021 12:25:13.474,0.41,53.73,0.77,0.11,5.91,74,2563.227,21.0,0.00,0.00
24.11.2021 12:25:13.775,0.41,53.73,0.77,0.11,5.91,74,2563.227,21.0,0.00,0.00
24.11.2021 12:25:13.985,0.41,53.73,0.77,0.11,5.91,74,2563.227,21.0,0.00,0.00
24.11.2021 12:25:14.255,0.54,53.71,1.02,0.31,16.65,74,2563.227,21.0,0.00,0.00
24.11.2021 12:25:14.524,0.54,53.71,1.02,0.31,16.65,74,2563.227,21.0,0.00,0.00
24.11.2021 12:25:14.795,0.54,53.71,1.02,0.31,16.65,74,2563.227,21.0,0.00,0.00
24.11.2021 12:25:15.066,0.54,53.74,0.51,0.31,16.65,74,2563.227,21.0,0.00,0.00
24.11.2021 12:25:15.275,0.27,53.74,0.51,0.14,7.52,74,2563.227,21.0,0.00,0.00
24.11.2021 12:25:15.515,0.27,53.74,0.51,0.14,7.52,74,2563.227,21.0,0.00,0.00
24.11.2021 12:25:15.786,0.30,53.74,0.57,0.14,7.52,74,2563.227,21.0,0.00,0.00
24.11.2021 12:25:15.996,0.30,53.74,0.57,0.10,5.37,74,2563.227,21.0,0.00,0.00
24.11.2021 12:25:16.204,0.30,53.74,0.57,0.10,5.37,74,2563.227,21.0,0.00,0.00
24.11.2021 12:25:16.565,0.30,53.74,0.57,0.10,5.37,74,2563.227,21.0,0.00,0.00
24.11.2021 12:25:16.774,0.30,53.74,0.49,0.10,5.37,74,2563.227,21.0,0.00,0.00
24.11.2021 12:25:17.015,0.26,53.74,0.49,0.09,4.84,74,2563.227,21.0,0.00,0.00
24.11.2021 12:25:17.255,0.26,53.74,0.49,0.09,4.84,74,2563.227,21.0,0.00,0.00
24.11.2021 12:25:17.495,0.26,53.74,0.49,0.10,5.37,74,2563.227,21.0,0.00,0.00
24.11.2021 12:25:17.704,0.26,53.74,0.49,0.10,5.37,74,2563.227,21.0,0.00,0.00
24.11.2021 12:25:17.914,0.26,53.74,0.49,0.10,5.37,74,2563.227,21.0,0.00,0.00
24.11.2021 12:25:18.246,0.26,53.73,0.00,0.14,7.52,74,2563.227,21.0,0.00,0.00
24.11.2021 12:25:18.485,0.00,53.73,0.00,0.14,7.52,74,2563.227,21.0,0.00,0.00
24.11.2021 12:25:18.695,0.00,53.73,0.00,0.14,7.52,74,2563.227,21.0,0.00,0.00
24.11.2021 12:25:18.995,0.00,53.73,0.00,0.14,7.52,74,2563.227,21.0,0.00,0.00
24.11.2021 12:25:19.205,0.45,53.74,0.85,0.19,10.21,74,2563.227,21.0,0.00,0.00
24.11.2021 12:25:19.540,0.45,53.74,0.85,0.19,10.21,74,2563.227,21.0,0.00,0.00
24.11.2021 12:25:19.745,0.45,53.74,0.85,0.19,10.21,74,2563.227,21.0,0.00,0.00
24.11.2021 12:25:20.015,3.88,53.53,7.35,0.83,44.43,74,2563.228,21.0,0.00,0.00
24.11.2021 12:25:20.255,3.88,53.53,7.35,0.83,44.43,74,2563.228,21.0,0.00,0.00
24.11.2021 12:25:20.495,3.88,53.53,7.35,0.83,44.43,74,2563.228,21.0,0.00,0.00
24.11.2021 12:25:20.705,6.97,52.67,13.42,6.11,321.81,74,2563.229,21.0,0.00,0.00
24.11.2021 12:25:20.975,6.97,52.67,13.42,6.11,321.81,74,2563.229,21.0,0.00,0.00
24.11.2021 12:25:21.184,6.97,52.67,13.42,6.11,321.81,74,2563.229,21.0,0.00,0.00
24.11.2021 12:25:21.456,9.27,52.67,17.84,17.58,925.94,74,2563.230,21.0,0.00,0.00
24.11.2021 12:25:21.695,9.27,52.67,17.84,17.58,925.94,74,2563.230,21.0,0.00,0.00
24.11.2021 12:25:21.964,9.27,52.67,17.84,17.58,925.94,74,2563.230,21.0,0.00,0.00
24.11.2021 12:25:22.295,9.27,53.03,16.25,17.58,925.94,74,2563.232,21.0,0.00,0.00
24.11.2021 12:25:22.625,8.50,53.03,16.25,6.16,326.66,74,2563.232,21.0,0.00,0.00
24.11.2021 12:25:22.865,8.50,53.03,16.25,6.16,326.66,74,2563.232,21.0,0.00,0.00
24.11.2021 12:25:23.075,9.77,53.28,18.59,6.16,326.66,74,2563.234,21.0,0.00,0.00
24.11.2021 12:25:23.285,9.77,53.28,18.59,5.59,297.84,74,2563.234,21.0,0.00,0.00
24.11.2021 12:25:23.494,9.77,53.28,18.59,5.59,297.84,74,2563.234,21.0,0.00,0.00
24.11.2021 12:25:23.706,9.77,53.28,18.59,5.59,297.84,74,2563.234,21.0,0.00,0.00
24.11.2021 12:25:23.945,9.77,53.59,17.03,5.59,297.84,74,2563.236,21.0,0.00,0.00
24.11.2021 12:25:24.275,9.00,53.59,17.03,2.06,110.40,74,2563.236,21.0,0.00,0.00
24.11.2021 12:25:24.515,9.00,53.59,17.03,2.06,110.40,74,2563.236,21.0,0.00,0.00
24.11.2021 12:25:24.785,9.00,53.72,11.53,2.06,110.40,74,2563.237,21.0,0.00,0.00
24.11.2021 12:25:24.995,6.11,53.72,11.53,-2.04,109.59,74,2563.237,21.0,0.00,0.00
24.11.2021 12:25:25.205,6.11,53.72,11.53,-2.04,109.59,74,2563.237,21.0,0.00,0.00
24.11.2021 12:25:25.504,6.11,53.83,7.29,-1.01,109.59,74,2563.238,21.0,0.00,0.00
24.11.2021 12:25:25.776,3.87,53.83,7.29,-1.01,54.37,74,2563.238,21.0,0.00,0.00
24.11.2021 12:25:26.075,3.87,53.83,7.29,-1.01,54.37,74,2563.238,21.0,0.00,0.00
24.11.2021 12:25:26.315,4.56,53.49,8.64,2.92,156.19,74,2563.239,21.0,0.00,0.00
24.11.2021 12:25:26.526,4.56,53.49,8.64,2.92,156.19,74,2563.239,21.0,0.00,0.00
24.11.2021 12:25:26.765,4.56,53.49,8.64,2.92,156.19,74,2563.239,21.0,0.00,0.00
24.11.2021 12:25:26.975,4.56,53.49,8.64,2.92,156.19,74,2563.239,21.0,0.00,0.00
24.11.2021 12:25:27.184,6.29,52.75,12.09,5.64,297.51,74,2563.240,21.0,0.00,0.00
24.11.2021 12:25:27.484,6.29,52.75,12.09,5.64,297.51,74,2563.240,21.0,0.00,0.00
24.11.2021 12:25:27.755,6.29,52.75,12.09,5.64,297.51,74,2563.240,21.0,0.00,0.00
24.11.2021 12:25:27.964,6.29,53.63,6.75,5.64,297.51,74,2563.241,21.0,0.00,0.00
24.11.2021 12:25:28.236,3.57,53.63,6.75,1.47,78.84,74,2563.241,21.0,0.00,0.00
24.11.2021 12:25:28.445,3.57,53.63,6.75,1.47,78.84,74,2563.241,21.0,0.00,0.00
24.11.2021 12:25:28.685,6.00,53.50,11.37,1.54,82.39,74,2563.242,21.0,0.00,0.00
24.11.2021 12:25:28.955,6.00,53.50,11.37,1.54,82.39,74,2563.242,21.0,0.00,0.00
24.11.2021 12:25:29.255,6.00,53.50,11.37,1.54,82.39,74,2563.242,21.0,0.00,0.00
24.11.2021 12:25:29.494,6.00,53.71,9.21,2.31,124.07,74,2563.243,21.0,0.00,0.00
24.11.2021 12:25:29.766,4.88,53.71,9.21,2.31,124.07,74,2563.243,21.0,0.00,0.00
24.11.2021 12:25:29.974,4.88,53.71,9.21,2.31,124.07,74,2563.243,21.0,0.00,0.00
24.11.2021 12:25:30.245,7.24,53.22,13.79,4.60,244.81,74,2563.244,21.0,0.00,0.00
24.11.2021 12:25:30.515,7.24,53.22,13.79,4.60,244.81,74,2563.244,21.0,0.00,0.00
24.11.2021 12:25:30.784,7.24,53.22,13.79,4.60,244.81,74,2563.244,21.0,0.00,0.00
24.11.2021 12:25:31.080,9.39,52.66,18.08,8.29,436.55,74,2563.245,21.0,0.00,0.00
24.11.2021 12:25:31.295,9.39,52.66,18.08,8.29,436.55,74,2563.245,21.0,0.00,0.00
24.11.2021 12:25:31.594,9.39,52.66,18.08,8.29,436.55,74,2563.245,21.0,0.00,0.00
24.11.2021 12:25:31.804,12.32,52.41,23.83,17.80,932.90,74,2563.248,21.0,0.00,0.00
24.11.2021 12:25:32.015,12.32,52.41,23.83,17.80,932.90,74,2563.248,21.0,0.00,0.00
24.11.2021 12:25:32.254,12.32,52.41,23.83,17.80,932.90,74,2563.248,21.0,0.00,0.00
24.11.2021 12:25:32.465,12.32,52.41,23.83,17.80,932.90,74,2563.248,21.0,0.00,0.00
24.11.2021 12:25:32.734,14.41,52.41,27.87,17.80,932.90,74,2563.250,21.0,0.00,0.00
24.11.2021 12:25:32.974,14.41,52.41,27.87,16.68,874.20,74,2563.250,21.0,0.00,0.00
24.11.2021 12:25:33.246,14.41,52.41,27.87,16.68,874.20,74,2563.250,21.0,0.00,0.00
24.11.2021 12:25:33.454,14.41,53.10,24.13,16.68,874.20,74,2563.253,21.0,0.00,0.00
24.11.2021 12:25:33.663,12.64,53.10,24.13,3.16,167.80,74,2563.253,21.0,0.00,0.00
24.11.2021 12:25:33.875,12.64,53.10,24.13,3.16,167.80,74,2563.253,21.0,0.00,0.00
24.11.2021 12:25:34.115,12.64,53.10,24.13,3.16,167.80,74,2563.253,21.0,0.00,0.00
24.11.2021 12:25:34.354,14.93,52.48,28.84,10.98,576.23,74,2563.256,21.0,0.00,0.00
24.11.2021 12:25:34.566,14.93,52.48,28.84,10.98,576.23,74,2563.256,21.0,0.00,0.00
24.11.2021 12:25:34.775,14.93,52.48,28.84,10.98,576.23,74,2563.256,21.0,0.00,0.00
24.11.2021 12:25:35.075,16.03,52.48,30.97,10.98,576.23,74,2563.259,21.0,0.00,0.00
24.11.2021 12:25:35.376,16.03,52.48,30.97,8.98,471.27,74,2563.259,21.0,0.00,0.00
24.11.2021 12:25:35.615,16.03,52.48,30.97,8.98,471.27,74,2563.259,21.0,0.00,0.00
24.11.2021 12:25:35.944,17.57,52.48,33.94,12.27,643.93,74,2563.262,21.0,0.00,0.00
24.11.2021 12:25:36.155,17.57,52.48,33.94,12.27,643.93,74,2563.262,21.0,0.00,0.00
24.11.2021 12:25:36.425,17.57,52.48,33.94,12.27,643.93,74,2563.262,21.0,0.00,0.00
24.11.2021 12:25:36.785,19.50,52.48,37.67,17.41,913.68,74,2563.266,22.0,0.00,0.00
24.11.2021 12:25:37.024,19.50,52.48,37.67,17.41,913.68,74,2563.266,22.0,0.00,0.00
24.11.2021 12:25:37.295,19.50,52.48,37.67,17.41,913.68,74,2563.266,22.0,0.00,0.00
24.11.2021 12:25:37.595,20.53,52.48,39.66,17.41,913.68,74,2563.271,22.0,0.00,0.00
24.11.2021 12:25:37.805,20.53,52.48,39.66,12.52,657.05,74,2563.271,22.0,0.00,0.00
24.11.2021 12:25:38.075,20.53,52.48,39.66,12.52,657.05,74,2563.271,22.0,0.00,0.00
24.11.2021 12:25:38.344,20.53,52.63,38.37,12.52,657.05,74,2563.275,22.0,0.00,0.00
24.11.2021 12:25:38.644,19.92,52.63,38.37,8.99,473.14,74,2563.275,22.0,0.00,0.00
24.11.2021 12:25:38.945,19.92,52.63,38.37,8.99,473.14,74,2563.275,22.0,0.00,0.00
24.11.2021 12:25:39.154,20.05,52.90,38.42,8.99,473.14,74,2563.280,22.0,0.00,0.00
24.11.2021 12:25:39.439,20.05,52.90,38.42,6.94,367.13,74,2563.280,22.0,0.00,0.00
24.11.2021 12:25:39.726,20.05,52.90,38.42,6.94,367.13,74,2563.280,22.0,0.00,0.00
24.11.2021 12:25:40.026,20.10,52.97,38.47,6.94,367.13,74,2563.284,22.0,0.00,0.00
24.11.2021 12:25:40.235,20.10,52.97,38.47,5.59,296.10,74,2563.284,22.0,0.00,0.00
24.11.2021 12:25:40.565,20.10,52.97,38.47,5.59,296.10,74,2563.284,22.0,0.00,0.00
24.11.2021 12:25:40.780,20.10,53.10,37.92,5.59,296.10,74,2563.288,22.0,0.00,0.00
24.11.2021 12:25:41.015,19.86,53.10,37.92,5.27,279.84,74,2563.288,21.0,0.00,0.00
24.11.2021 12:25:41.225,19.86,53.10,37.92,5.27,279.84,74,2563.288,21.0,0.00,0.00
24.11.2021 12:25:41.436,19.86,53.07,37.27,5.27,279.84,74,2563.292,21.0,0.00,0.00
24.11.2021 12:25:41.766,19.51,53.07,37.27,4.55,241.47,74,2563.292,21.0,0.00,0.00
24.11.2021 12:25:42.036,19.51,53.07,37.27,4.55,241.47,74,2563.292,21.0,0.00,0.00
24.11.2021 12:25:42.275,19.51,53.21,36.22,4.55,241.47,74,2563.296,21.0,0.00,0.00
24.11.2021 12:25:42.545,19.01,53.21,36.22,3.23,171.87,74,2563.296,21.0,0.00,0.00
24.11.2021 12:25:42.756,19.01,53.21,36.22,3.23,171.87,74,2563.296,21.0,0.00,0.00
24.11.2021 12:25:42.966,19.01,53.21,36.22,3.23,171.87,74,2563.296,21.0,0.00,0.00
24.11.2021 12:25:43.235,19.01,53.24,35.53,3.23,171.87,74,2563.300,21.0,0.00,0.00
24.11.2021 12:25:43.474,18.66,53.24,35.53,2.90,154.40,74,2563.300,21.0,0.00,0.00
24.11.2021 12:25:43.685,18.66,53.24,35.53,2.90,154.40,74,2563.300,21.0,0.00,0.00
24.11.2021 12:25:43.985,18.66,53.27,34.90,2.90,154.40,74,2563.304,21.0,0.00,0.00
24.11.2021 12:25:44.195,18.34,53.27,34.90,2.20,117.19,74,2563.304,21.0,0.00,0.00
24.11.2021 12:25:44.436,18.34,53.27,34.90,2.20,117.19,74,2563.304,21.0,0.00,0.00
24.11.2021 12:25:44.776,18.55,53.13,35.40,3.87,205.61,73,2563.308,21.0,0.00,0.00
24.11.2021 12:25:44.984,18.55,53.13,35.40,3.87,205.61,73,2563.308,21.0,0.00,0.00
24.11.2021 12:25:45.305,18.55,53.13,35.40,3.87,205.61,73,2563.308,21.0,0.00,0.00
24.11.2021 12:25:45.635,18.55,53.40,33.34,3.87,205.61,73,2563.312,21.0,0.00,0.00
24.11.2021 12:25:45.904,17.56,53.40,33.34,0.24,12.82,73,2563.312,21.0,0.21,0.00
24.11.2021 12:25:46.146,17.56,53.40,33.34,0.24,12.82,73,2563.312,21.0,0.21,0.00
24.11.2021 12:25:46.407,17.56,54.11,29.88,0.24,181.27,73,2563.316,21.0,0.21,0.00
24.11.2021 12:25:46.655,15.95,54.11,29.88,-3.35,181.27,73,2563.316,21.0,0.21,0.00
24.11.2021 12:25:46.864,15.95,54.11,29.88,-3.35,181.27,73,2563.316,21.0,0.00,0.00
24.11.2021 12:25:47.106,15.95,53.84,29.07,-1.51,181.27,73,2563.319,21.0,0.00,0.00
24.11.2021 12:25:47.346,15.44,53.84,29.07,-1.51,81.30,73,2563.319,21.0,0.00,0.00
24.11.2021 12:25:47.676,15.44,53.84,29.07,-1.51,81.30,73,2563.319,21.0,0.00,0.00
24.11.2021 12:25:48.006,15.44,54.00,27.33,-1.51,133.92,73,2563.322,21.0,0.00,0.00
24.11.2021 12:25:48.245,14.56,54.00,27.33,-2.48,133.92,73,2563.322,21.0,0.00,0.00
24.11.2021 12:25:48.575,14.56,54.00,27.33,-2.48,133.92,73,2563.322,21.0,0.00,0.00
24.11.2021 12:25:48.785,14.56,53.78,25.67,-1.29,133.92,73,2563.325,21.0,0.00,0.00
24.11.2021 12:25:48.998,13.62,53.78,25.67,-1.29,69.38,73,2563.325,21.0,0.00,0.00
24.11.2021 12:25:49.294,13.62,53.78,25.67,-1.29,69.38,73,2563.325,21.0,0.00,0.00
24.11.2021 12:25:49.625,13.62,53.81,25.21,-1.10,69.38,73,2563.328,21.0,0.00,0.00
24.11.2021 12:25:49.954,13.38,53.81,25.21,-1.10,59.19,73,2563.328,21.0,0.00,0.00
24.11.2021 12:25:50.237,13.38,53.81,25.21,-1.10,59.19,73,2563.328,21.0,0.00,0.00
24.11.2021 12:25:50.555,13.38,53.81,25.21,-1.10,59.19,73,2563.328,21.0,0.00,0.00
24.11.2021 12:25:50.764,13.38,53.81,25.21,-1.10,59.19,73,2563.328,21.0,0.40,0.00
24.11.2021 12:25:50.975,13.38,53.81,25.21,-1.10,59.19,73,2563.328,21.0,0.40,0.00
24.11.2021 12:25:51.275,13.38,54.23,20.90,-1.10,252.17,73,2563.333,21.0,0.40,0.00
24.11.2021 12:25:51.516,11.18,54.23,20.90,-4.65,252.17,73,2563.333,21.0,0.42,0.00
24.11.2021 12:25:51.726,11.18,54.29,15.87,-4.53,252.17,73,2563.335,21.0,0.42,0.00
24.11.2021 12:25:52.026,8.50,54.29,15.87,-4.53,245.93,73,2563.335,21.0,0.42,0.00
24.11.2021 12:25:52.298,8.50,54.29,15.87,-4.53,245.93,73,2563.335,21.0,0.00,0.00
24.11.2021 12:25:52.505,8.50,54.29,15.87,-4.53,245.93,73,2563.335,21.0,0.00,0.00
24.11.2021 12:25:52.776,10.19,53.73,19.23,-1.67,245.93,73,2563.337,21.0,0.00,0.00
24.11.2021 12:25:52.985,10.19,53.73,19.23,-1.67,89.73,73,2563.337,21.0,0.00,0.00
24.11.2021 12:25:53.225,10.19,53.73,19.23,-1.67,89.73,73,2563.337,21.0,0.00,0.00
24.11.2021 12:25:53.436,13.91,52.74,26.74,10.09,532.15,73,2563.339,21.0,0.00,0.00
24.11.2021 12:25:53.765,13.91,52.74,26.74,10.09,532.15,73,2563.339,21.0,0.00,0.00
24.11.2021 12:25:53.976,13.91,52.74,26.74,10.09,532.15,73,2563.339,21.0,0.04,0.00
24.11.2021 12:25:54.185,13.91,52.74,26.74,10.09,532.15,73,2563.339,21.0,0.04,0.00
24.11.2021 12:25:54.425,14.53,54.35,27.10,10.09,532.15,73,2563.343,21.0,0.04,0.00
24.11.2021 12:25:54.756,14.53,54.35,27.10,-1.73,94.03,73,2563.343,21.0,0.42,0.00
24.11.2021 12:25:54.966,14.53,54.35,27.10,-1.73,94.03,73,2563.343,21.0,0.42,0.00
24.11.2021 12:25:55.266,14.53,54.55,24.35,-1.73,280.39,73,2563.346,21.0,0.42,0.00
24.11.2021 12:25:55.656,13.10,54.55,24.35,-5.14,280.39,73,2563.346,21.0,0.42,0.00
24.11.2021 12:25:55.956,13.10,53.67,24.37,-1.56,280.39,73,2563.348,21.0,0.42,0.00
24.11.2021 12:25:56.226,12.90,53.67,24.37,-1.56,83.73,73,2563.348,21.0,0.42,0.00
24.11.2021 12:25:56.436,12.90,53.67,24.37,-1.56,83.73,73,2563.348,21.0,0.00,0.00
24.11.2021 12:25:56.766,15.87,52.81,30.47,4.82,254.54,73,2563.351,21.0,0.00,0.00
24.11.2021 12:25:56.975,15.87,52.81,30.47,4.82,254.54,73,2563.351,21.0,0.00,0.00
24.11.2021 12:25:57.241,15.87,52.81,30.47,4.82,254.54,73,2563.351,21.0,0.06,0.00
24.11.2021 12:25:57.575,15.87,54.31,27.33,4.82,254.54,73,2563.354,21.0,0.06,0.00
24.11.2021 12:25:57.874,14.64,54.31,27.33,-2.92,158.59,73,2563.354,21.0,0.06,0.00
24.11.2021 12:25:58.085,14.64,54.31,27.33,-2.92,158.59,73,2563.354,21.0,0.01,0.00
24.11.2021 12:25:58.325,14.68,54.07,27.52,-2.44,158.59,73,2563.358,21.0,0.01,0.00
24.11.2021 12:25:58.654,14.68,54.07,27.52,-2.44,131.93,73,2563.358,21.0,0.01,0.00
24.11.2021 12:25:58.955,14.68,54.07,27.52,-2.44,131.93,73,2563.358,21.0,0.12,0.00
24.11.2021 12:25:59.170,14.68,54.36,26.63,-2.44,212.55,73,2563.361,21.0,0.12,0.00
24.11.2021 12:25:59.397,14.28,54.36,26.63,-3.91,212.55,73,2563.361,21.0,0.12,0.00
24.11.2021 12:25:59.644,14.28,54.36,26.63,-3.91,212.55,73,2563.361,21.0,0.00,0.00
24.11.2021 12:26:00.062,14.28,54.36,26.63,-3.91,212.55,73,2563.361,21.0,0.00,0.00
24.11.2021 12:26:00.276,14.28,54.36,26.63,-3.91,212.55,73,2563.361,21.0,0.00,0.00
24.11.2021 12:26:00.575,14.28,54.36,26.63,-3.91,212.55,73,2563.361,21.0,0.00,0.00
24.11.2021 12:26:00.816,15.34,54.11,28.74,-1.56,212.55,74,2563.367,21.0,0.00,0.00
24.11.2021 12:26:01.054,15.34,54.11,28.74,-1.56,84.41,74,2563.367,21.0,0.00,0.00
24.11.2021 12:26:01.264,15.34,54.11,28.74,-1.56,84.41,74,2563.367,21.0,0.04,0.00
24.11.2021 12:26:01.711,15.34,53.69,28.27,-0.70,84.41,74,2563.370,21.0,0.04,0.00
24.11.2021 12:26:01.954,14.97,53.69,28.27,-0.70,37.58,74,2563.370,21.0,0.07,0.00
24.11.2021 12:26:02.165,14.97,53.69,28.27,-0.70,37.58,74,2563.370,21.0,0.07,0.00
24.11.2021 12:26:02.465,15.61,53.99,29.31,-0.70,129.58,74,2563.373,21.0,0.07,0.00
24.11.2021 12:26:02.675,15.61,53.99,29.31,-2.40,129.58,74,2563.373,21.0,0.07,0.00
24.11.2021 12:26:02.945,15.61,53.99,29.31,-2.40,129.58,74,2563.373,21.0,0.25,0.00
24.11.2021 12:26:03.275,15.61,54.44,28.29,-2.40,204.15,74,2563.376,21.0,0.25,0.00
24.11.2021 12:26:03.514,15.19,54.44,28.29,-3.75,204.15,74,2563.376,21.0,0.42,0.00
24.11.2021 12:26:03.785,15.19,54.44,28.29,-3.75,204.15,74,2563.376,21.0,0.42,0.00
24.11.2021 12:26:04.086,15.19,54.65,25.73,-3.75,312.60,74,2563.379,21.0,0.42,0.00
24.11.2021 12:26:04.294,13.87,54.65,25.73,-5.72,312.60,74,2563.379,21.0,0.42,0.00
24.11.2021 12:26:04.565,13.87,54.65,25.73,-5.72,312.60,74,2563.379,21.0,0.42,0.00
24.11.2021 12:26:04.776,13.87,54.79,21.35,-5.72,321.07,74,2563.382,21.0,0.42,0.00
24.11.2021 12:26:05.045,11.54,54.79,21.35,-5.86,321.07,74,2563.382,21.0,0.42,0.00
24.11.2021 12:26:05.254,11.54,54.79,21.35,-5.86,321.07,74,2563.382,21.0,0.42,0.00
24.11.2021 12:26:05.585,11.54,54.51,20.27,-3.94,321.07,74,2563.384,21.0,0.42,0.00
24.11.2021 12:26:05.794,10.90,54.51,20.27,-3.94,214.77,74,2563.384,21.0,0.42,0.00
24.11.2021 12:26:06.005,10.90,54.51,20.27,-3.94,214.77,74,2563.384,21.0,0.18,0.00
24.11.2021 12:26:06.365,10.90,54.26,19.28,-3.03,214.77,74,2563.386,21.0,0.18,0.00
24.11.2021 12:26:06.575,10.32,54.26,19.28,-3.03,164.41,74,2563.386,21.0,0.18,0.00
24.11.2021 12:26:06.845,10.32,54.26,19.28,-3.03,164.41,74,2563.386,21.0,0.00,0.00
24.11.2021 12:26:07.084,10.95,54.22,20.47,-1.86,164.41,74,2563.389,21.0,0.00,0.00
24.11.2021 12:26:07.396,10.95,54.22,20.47,-1.86,100.85,74,2563.389,21.0,0.00,0.00
24.11.2021 12:26:07.654,10.95,54.22,20.47,-1.86,100.85,74,2563.389,21.0,0.42,0.00
24.11.2021 12:26:07.955,10.95,54.73,14.39,-1.86,240.81,74,2563.391,21.0,0.42,0.00
24.11.2021 12:26:08.254,7.77,54.73,14.39,-4.40,240.81,74,2563.391,21.0,0.42,0.00
24.11.2021 12:26:08.466,7.77,54.73,14.39,-4.40,240.81,74,2563.391,21.0,0.00,0.00
24.11.2021 12:26:08.938,10.52,53.33,20.00,0.59,240.81,74,2563.392,21.0,0.00,0.00
24.11.2021 12:26:09.275,10.52,53.33,20.00,0.59,31.46,74,2563.392,21.0,0.07,0.00
24.11.2021 12:26:09.590,10.62,53.80,20.01,0.59,31.46,74,2563.394,21.0,0.07,0.00
24.11.2021 12:26:09.964,10.62,53.80,20.01,-0.10,5.38,74,2563.394,21.0,0.00,0.00
24.11.2021 12:26:10.175,10.62,53.80,20.01,-0.10,5.38,74,2563.394,21.0,0.00,0.00
24.11.2021 12:26:10.475,12.45,53.85,23.44,-0.10,12.39,74,2563.397,21.0,0.00,0.00
24.11.2021 12:26:10.714,12.45,53.85,23.44,-0.23,12.39,74,2563.397,21.0,0.19,0.00
24.11.2021 12:26:11.047,12.45,53.85,23.44,-0.23,12.39,74,2563.397,21.0,0.19,0.00
24.11.2021 12:26:11.345,12.45,53.85,23.44,-0.23,12.39,74,2563.397,21.0,0.19,0.00
24.11.2021 12:26:11.674,12.45,53.85,23.44,-0.23,12.39,74,2563.397,21.0,0.13,0.00
24.11.2021 12:26:11.974,12.45,54.26,20.35,-0.23,228.43,74,2563.402,21.0,0.13,0.00
24.11.2021 12:26:12.275,10.89,54.26,20.35,-4.21,228.43,74,2563.402,21.0,0.13,0.00
24.11.2021 12:26:12.545,10.89,54.26,20.35,-4.21,228.43,74,2563.402,21.0,0.14,0.00
24.11.2021 12:26:12.756,10.89,54.06,16.95,-1.33,228.43,74,2563.404,21.0,0.14,0.00
24.11.2021 12:26:12.965,9.04,54.06,16.95,-1.33,71.90,74,2563.404,21.0,0.14,0.00
24.11.2021 12:26:13.265,9.04,54.06,16.95,-1.33,71.90,74,2563.404,21.0,0.00,0.00
24.11.2021 12:26:13.566,9.47,54.07,17.76,-1.33,101.11,74,2563.406,21.0,0.00,0.00
24.11.2021 12:26:13.776,9.47,54.07,17.76,-1.87,101.11,74,2563.406,21.0,0.00,0.00
24.11.2021 12:26:14.046,9.47,54.07,17.76,-1.87,101.11,74,2563.406,21.0,0.00,0.00
24.11.2021 12:26:14.377,11.59,53.22,22.08,3.79,201.70,74,2563.408,21.0,0.00,0.00
24.11.2021 12:26:14.677,11.59,53.22,22.08,3.79,201.70,74,2563.408,21.0,0.00,0.00
24.11.2021 12:26:14.946,11.59,53.22,22.08,3.79,201.70,74,2563.408,21.0,0.00,0.00
24.11.2021 12:26:15.275,13.62,53.22,25.94,20.49,1090.48,74,2563.411,21.0,0.00,0.00
24.11.2021 12:26:15.576,13.62,53.22,25.94,20.49,1090.48,74,2563.411,21.0,0.00,0.00
24.11.2021 12:26:15.785,13.62,53.22,25.94,20.49,1090.48,74,2563.411,21.0,0.00,0.00
24.11.2021 12:26:16.025,15.09,52.37,29.21,20.49,1090.48,74,2563.414,22.0,0.00,0.00
24.11.2021 12:26:16.265,15.09,52.37,29.21,8.55,447.76,74,2563.414,22.0,0.00,0.00
24.11.2021 12:26:16.476,15.09,52.37,29.21,8.55,447.76,74,2563.414,22.0,0.00,0.00
24.11.2021 12:26:16.776,15.44,53.40,29.31,8.55,447.76,74,2563.417,22.0,0.00,0.00
24.11.2021 12:26:17.015,15.44,53.40,29.31,4.18,223.21,74,2563.417,22.0,0.00,0.00
24.11.2021 12:26:17.255,15.44,53.40,29.31,4.18,223.21,74,2563.417,22.0,0.00,0.00
24.11.2021 12:26:17.678,17.02,52.83,32.66,9.85,520.38,74,2563.421,22.0,0.00,0.00
24.11.2021 12:26:17.974,17.02,52.83,32.66,9.85,520.38,74,2563.421,22.0,0.00,0.00
24.11.2021 12:26:18.185,17.02,52.83,32.66,9.85,520.38,74,2563.421,22.0,0.00,0.00
24.11.2021 12:26:18.455,17.45,53.01,33.37,9.54,505.72,74,2563.424,22.0,0.00,0.00
24.11.2021 12:26:18.664,17.45,53.01,33.37,9.54,505.72,74,2563.424,22.0,0.00,0.00
24.11.2021 12:26:18.991,17.45,53.01,33.37,9.54,505.72,74,2563.424,22.0,0.00,0.00
24.11.2021 12:26:19.264,17.45,53.86,31.25,9.54,505.72,74,2563.428,22.0,0.00,0.00
24.11.2021 12:26:19.474,16.60,53.86,31.25,2.09,112.57,74,2563.428,22.0,0.00,0.00
24.11.2021 12:26:19.745,16.60,53.86,31.25,2.09,112.57,74,2563.428,22.0,0.00,0.00
24.11.2021 12:26:19.955,16.60,53.24,30.83,6.53,347.66,74,2563.431,22.0,0.00,0.00
24.11.2021 12:26:20.254,16.19,53.24,30.83,6.53,347.66,74,2563.431,21.0,0.00,0.00
24.11.2021 12:26:20.464,16.19,53.24,30.83,6.53,347.66,74,2563.431,21.0,0.00,0.00
24.11.2021 12:26:20.764,16.19,53.24,30.83,6.53,347.66,74,2563.431,21.0,0.00,0.00
24.11.2021 12:26:21.028,16.19,53.24,30.83,6.53,347.66,74,2563.431,21.0,0.00,0.00
24.11.2021 12:26:21.274,16.19,53.24,30.83,6.53,347.66,74,2563.431,21.0,0.00,0.00
24.11.2021 12:26:21.576,17.70,52.59,34.12,13.93,732.58,74,2563.438,22.0,0.00,0.00
24.11.2021 12:26:21.784,17.70,52.59,34.12,13.93,732.58,74,2563.438,22.0,0.00,0.00
24.11.2021 12:26:21.995,17.70,52.59,34.12,13.93,732.58,74,2563.438,22.0,0.00,0.00
24.11.2021 12:26:22.385,18.63,52.59,35.91,18.43,969.23,74,2563.442,22.0,0.00,0.00
24.11.2021 12:26:22.626,18.63,52.59,35.91,18.43,969.23,74,2563.442,22.0,0.00,0.00
24.11.2021 12:26:22.865,18.63,52.59,35.91,18.43,969.23,74,2563.442,22.0,0.00,0.00
24.11.2021 12:26:23.076,19.14,52.59,36.90,18.43,969.23,74,2563.446,22.0,0.00,0.00
24.11.2021 12:26:23.376,19.14,52.59,36.90,16.94,890.87,74,2563.446,22.0,0.00,0.00
24.11.2021 12:26:23.765,19.14,52.59,36.90,16.94,890.87,74,2563.446,22.0,0.00,0.00
24.11.2021 12:26:23.976,19.16,52.59,36.94,16.94,890.87,73,2563.450,22.0,0.00,0.00
24.11.2021 12:26:24.366,19.16,52.59,36.94,15.02,789.90,73,2563.450,22.0,0.00,0.00
24.11.2021 12:26:24.576,19.16,52.59,36.80,15.02,789.90,73,2563.454,22.0,0.00,0.00
24.11.2021 12:26:24.841,19.09,52.59,36.80,14.90,783.59,73,2563.454,22.0,0.00,0.00
24.11.2021 12:26:25.055,19.09,52.59,36.80,14.90,783.59,73,2563.454,22.0,0.00,0.00
24.11.2021 12:26:25.265,19.09,52.59,36.80,14.90,783.59,73,2563.454,22.0,0.00,0.00
24.11.2021 12:26:25.565,19.09,52.59,35.64,14.90,783.59,73,2563.458,22.0,0.00,0.00
24.11.2021 12:26:25.776,18.49,52.59,35.64,12.72,668.94,73,2563.458,22.0,0.00,0.00
24.11.2021 12:26:26.076,18.49,52.59,35.64,12.72,668.94,73,2563.458,22.0,0.00,0.00
24.11.2021 12:26:26.436,18.57,52.59,35.80,14.61,768.34,73,2563.462,22.0,0.00,0.00
24.11.2021 12:26:26.646,18.57,52.59,35.80,14.61,768.34,73,2563.462,22.0,0.00,0.00
24.11.2021 12:26:26.916,18.57,52.59,35.80,14.61,768.34,73,2563.462,22.0,0.00,0.00
24.11.2021 12:26:27.274,18.75,52.59,36.14,15.55,817.77,73,2563.466,22.0,0.00,0.00
24.11.2021 12:26:27.544,18.75,52.59,36.14,15.55,817.77,73,2563.466,22.0,0.00,0.00
24.11.2021 12:26:27.753,18.75,52.59,36.14,15.55,817.77,73,2563.466,22.0,0.00,0.00
24.11.2021 12:26:28.066,18.77,52.59,36.18,15.55,817.77,73,2563.470,22.0,0.00,0.00
24.11.2021 12:26:28.323,18.77,52.59,36.18,14.82,779.38,73,2563.470,22.0,0.00,0.00
24.11.2021 12:26:28.533,18.77,52.59,36.18,14.82,779.38,73,2563.470,22.0,0.00,0.00
24.11.2021 12:26:28.773,18.91,52.59,36.45,14.82,779.38,73,2563.474,22.0,0.00,0.00
24.11.2021 12:26:29.073,18.91,52.59,36.45,13.84,727.85,73,2563.474,22.0,0.00,0.00
24.11.2021 12:26:29.283,18.91,52.59,36.45,13.84,727.85,73,2563.474,22.0,0.00,0.00
24.11.2021 12:26:29.586,18.91,52.59,35.82,14.65,770.44,73,2563.478,22.0,0.00,0.00
24.11.2021 12:26:29.824,18.58,52.59,35.82,14.65,770.44,73,2563.478,22.0,0.00,0.00
24.11.2021 12:26:30.275,18.58,52.59,35.82,14.65,770.44,73,2563.478,22.0,0.00,0.00
24.11.2021 12:26:30.543,18.58,52.59,35.82,14.65,770.44,73,2563.478,22.0,0.00,0.00
24.11.2021 12:26:30.783,18.58,52.59,35.82,14.65,770.44,73,2563.478,22.0,0.00,0.00
24.11.2021 12:26:31.077,19.18,52.59,36.97,15.59,819.88,73,2563.486,22.0,0.00,0.00
24.11.2021 12:26:31.323,19.18,52.59,36.97,15.59,819.88,73,2563.486,22.0,0.00,0.00
24.11.2021 12:26:31.563,19.18,52.59,36.97,15.59,819.88,73,2563.486,22.0,0.00,0.00
24.11.2021 12:26:31.863,19.18,52.59,36.61,15.59,819.88,73,2563.489,22.0,0.00,0.00
24.11.2021 12:26:32.073,18.99,52.59,36.61,13.22,695.24,73,2563.489,22.0,0.00,0.00
24.11.2021 12:26:32.313,18.99,52.59,36.61,13.22,695.24,73,2563.489,22.0,0.00,0.00
24.11.2021 12:26:32.673,18.99,53.23,35.69,13.22,695.24,73,2563.493,22.0,0.00,0.00
24.11.2021 12:26:32.943,18.74,53.23,35.69,10.71,570.09,73,2563.493,22.0,0.00,0.00
24.11.2021 12:26:33.153,18.74,53.23,35.69,10.71,570.09,73,2563.493,22.0,0.00,0.00
24.11.2021 12:26:33.395,18.74,53.23,35.10,10.71,570.09,73,2563.498,22.0,0.00,0.00
24.11.2021 12:26:33.693,18.43,53.23,35.10,9.41,500.89,73,2563.498,22.0,0.00,0.00
24.11.2021 12:26:33.963,18.43,53.23,35.10,9.41,500.89,73,2563.498,22.0,0.00,0.00
24.11.2021 12:26:34.295,18.43,52.82,34.32,9.41,500.89,73,2563.501,22.0,0.00,0.00
24.11.2021 12:26:34.533,17.88,52.82,34.32,8.88,469.04,73,2563.501,22.0,0.00,0.00
24.11.2021 12:26:34.773,17.88,52.82,34.32,8.88,469.04,73,2563.501,22.0,0.00,0.00
24.11.2021 12:26:35.013,17.88,52.82,33.42,9.25,488.58,73,2563.505,22.0,0.00,0.00
24.11.2021 12:26:35.255,17.41,52.82,33.42,9.25,488.58,73,2563.505,22.0,0.00,0.00
24.11.2021 12:26:35.465,17.41,52.82,33.42,9.25,488.58,73,2563.505,22.0,0.00,0.00
24.11.2021 12:26:35.703,17.41,52.82,33.42,9.25,488.58,73,2563.505,22.0,0.00,0.00
24.11.2021 12:26:35.916,17.41,53.04,30.03,9.25,488.58,73,2563.509,22.0,0.00,0.00
24.11.2021 12:26:36.216,15.71,53.04,30.03,1.68,89.11,73,2563.509,22.0,0.00,0.00
24.11.2021 12:26:36.424,15.71,53.04,30.03,1.68,89.11,73,2563.509,22.0,0.00,0.00
24.11.2021 12:26:36.723,16.07,52.23,31.19,7.85,410.01,73,2563.512,22.0,0.00,0.00
24.11.2021 12:26:37.023,16.07,52.23,31.19,7.85,410.01,73,2563.512,22.0,0.00,0.00
24.11.2021 12:26:37.264,16.07,52.23,31.19,7.85,410.01,73,2563.512,22.0,0.07,0.00
24.11.2021 12:26:37.504,16.07,54.46,23.86,7.85,410.01,73,2563.515,22.0,0.07,0.00
24.11.2021 12:26:37.773,12.82,54.46,23.86,-3.88,211.30,73,2563.515,22.0,0.07,0.00
24.11.2021 12:26:38.073,12.82,54.46,23.86,-3.88,211.30,73,2563.515,22.0,0.32,0.00
24.11.2021 12:26:38.284,12.82,54.21,18.46,-2.99,211.30,73,2563.517,22.0,0.32,0.00
24.11.2021 12:26:38.493,9.87,54.21,18.46,-2.99,162.09,73,2563.517,22.0,0.32,0.00
24.11.2021 12:26:38.704,9.87,54.21,18.46,-2.99,162.09,73,2563.517,22.0,0.15,0.00
24.11.2021 12:26:38.974,9.87,54.21,18.46,-2.99,162.09,73,2563.517,22.0,0.15,0.00
24.11.2021 12:26:39.244,9.87,53.98,9.67,-2.43,162.09,73,2563.519,22.0,0.15,0.00
24.11.2021 12:26:39.455,5.15,53.98,9.67,-2.43,131.17,73,2563.519,22.0,0.00,0.00
24.11.2021 12:26:39.737,5.15,53.98,9.67,-2.43,131.17,73,2563.519,22.0,0.00,0.00
24.11.2021 12:26:39.995,5.15,53.58,6.60,-0.89,131.17,73,2563.519,22.0,0.00,0.00
24.11.2021 12:26:40.265,3.49,53.58,6.60,-0.89,47.69,73,2563.519,22.0,0.00,0.00
24.11.2021 12:26:40.533,3.49,53.58,6.60,-0.89,47.69,73,2563.519,22.0,0.00,0.00
24.11.2021 12:26:40.804,4.85,53.41,9.21,1.23,65.69,73,2563.520,22.0,0.00,0.00
24.11.2021 12:26:41.103,4.85,53.41,9.21,1.23,65.69,73,2563.520,22.0,0.00,0.00
24.11.2021 12:26:41.313,4.85,53.41,9.21,1.23,65.69,73,2563.520,22.0,0.00,0.00
24.11.2021 12:26:41.524,7.86,52.75,15.11,6.75,356.06,73,2563.521,22.0,0.00,0.00
24.11.2021 12:26:41.765,7.86,52.75,15.11,6.75,356.06,73,2563.521,22.0,0.00,0.00
24.11.2021 12:26:41.975,7.86,52.75,15.11,6.75,356.06,73,2563.521,22.0,0.00,0.00
24.11.2021 12:26:42.303,10.77,52.87,20.65,10.54,557.25,73,2563.523,22.0,0.00,0.00
24.11.2021 12:26:42.603,10.77,52.87,20.65,10.54,557.25,73,2563.523,22.0,0.00,0.00
24.11.2021 12:26:42.875,10.77,52.87,20.65,10.54,557.25,73,2563.523,22.0,0.00,0.00
24.11.2021 12:26:43.084,14.59,52.87,27.98,17.78,940.03,73,2563.526,23.0,0.00,0.00
24.11.2021 12:26:43.293,14.59,52.87,27.98,17.78,940.03,73,2563.526,23.0,0.00,0.00
24.11.2021 12:26:43.564,14.59,52.87,27.98,17.78,940.03,73,2563.526,23.0,0.00,0.00
24.11.2021 12:26:43.774,14.59,51.86,27.74,17.78,940.03,73,2563.529,23.0,0.00,0.00
24.11.2021 12:26:44.103,14.19,51.86,27.74,5.34,276.93,73,2563.529,23.0,0.00,0.00
24.11.2021 12:26:44.433,14.19,51.86,27.74,5.34,276.93,73,2563.529,23.0,0.00,0.00
24.11.2021 12:26:44.706,15.25,53.15,29.09,5.34,276.93,73,2563.532,23.0,0.00,0.00
24.11.2021 12:26:44.973,15.25,53.15,29.09,4.24,225.36,73,2563.532,23.0,0.00,0.00
24.11.2021 12:26:45.273,15.25,53.15,29.09,4.24,225.36,73,2563.532,23.0,0.00,0.00
24.11.2021 12:26:45.575,15.25,53.27,25.79,6.40,340.93,73,2563.535,23.0,0.00,0.00
24.11.2021 12:26:45.784,13.55,53.27,25.79,6.40,340.93,73,2563.535,23.0,0.00,0.00
24.11.2021 12:26:46.054,13.55,53.27,25.79,6.40,340.93,73,2563.535,23.0,0.00,0.00
24.11.2021 12:26:46.323,13.55,52.90,24.13,6.40,340.93,73,2563.537,23.0,0.00,0.00
24.11.2021 12:26:46.656,12.59,52.90,24.13,0.14,7.41,73,2563.537,23.0,0.00,0.00
24.11.2021 12:26:46.953,12.59,52.90,24.13,0.14,7.41,73,2563.537,23.0,0.00,0.00
24.11.2021 12:26:47.225,12.59,53.26,21.91,0.14,68.71,73,2563.540,23.0,0.00,0.00
24.11.2021 12:26:47.553,11.51,53.26,21.91,-1.29,68.71,73,2563.540,22.0,0.00,0.00
24.11.2021 12:26:47.763,11.51,53.26,21.91,-1.29,68.71,73,2563.540,22.0,0.00,0.00
24.11.2021 12:26:48.064,11.51,53.26,21.91,-1.29,68.71,73,2563.540,22.0,0.00,0.00
24.11.2021 12:26:48.305,11.51,53.26,21.91,-1.29,68.71,73,2563.540,22.0,0.00,0.00
24.11.2021 12:26:48.633,11.51,54.09,12.84,-1.29,123.87,73,2563.544,22.0,0.00,0.00
24.11.2021 12:26:48.963,6.85,54.09,12.84,-2.29,123.87,73,2563.544,22.0,0.00,0.00
24.11.2021 12:26:49.264,6.85,54.09,12.84,-2.29,123.87,73,2563.544,22.0,0.00,0.00
24.11.2021 12:26:49.653,6.98,52.70,13.43,3.05,160.73,73,2563.545,22.0,0.00,0.00
24.11.2021 12:26:49.954,6.98,52.70,13.43,3.05,160.73,73,2563.545,22.0,0.00,0.00
24.11.2021 12:26:50.223,6.98,53.19,10.35,3.05,160.73,73,2563.546,22.0,0.00,0.00
24.11.2021 12:26:50.555,5.43,53.19,10.35,1.64,87.23,73,2563.546,22.0,0.00,0.00
24.11.2021 12:26:50.774,5.43,53.19,10.35,1.64,87.23,73,2563.546,22.0,0.00,0.00
24.11.2021 12:26:51.094,5.43,53.52,7.82,1.64,87.23,73,2563.547,22.0,0.00,0.00
24.11.2021 12:26:51.423,4.13,53.52,7.82,-0.77,41.21,73,2563.547,22.0,0.00,0.00
24.11.2021 12:26:51.665,4.13,53.52,7.82,-0.77,41.21,73,2563.547,22.0,0.00,0.00
24.11.2021 12:26:51.964,4.13,53.12,7.08,0.54,41.21,73,2563.548,22.0,0.00,0.00
24.11.2021 12:26:52.263,3.71,53.12,7.08,0.54,28.68,73,2563.548,22.0,0.00,0.00
24.11.2021 12:26:52.660,3.71,53.12,7.08,0.54,28.68,73,2563.548,22.0,0.00,0.00
24.11.2021 12:26:52.977,3.71,53.12,7.08,0.54,28.68,73,2563.548,22.0,0.00,0.00
24.11.2021 12:26:53.247,3.71,53.12,7.08,0.54,28.68,73,2563.548,22.0,0.00,0.00
24.11.2021 12:26:53.548,11.61,52.70,22.33,15.49,816.32,73,2563.551,23.0,0.00,0.00
24.11.2021 12:26:53.788,11.61,52.70,22.33,15.49,816.32,73,2563.551,23.0,0.00,0.00
24.11.2021 12:26:54.088,11.61,52.70,22.33,15.49,816.32,73,2563.551,23.0,0.00,0.00
24.11.2021 12:26:54.299,11.61,52.61,21.99,15.49,816.32,73,2563.554,23.0,0.00,0.00
24.11.2021 12:26:54.628,11.41,52.61,21.99,4.01,210.97,73,2563.554,23.0,0.00,0.00
24.11.2021 12:26:54.958,11.41,52.61,21.99,4.01,210.97,73,2563.554,23.0,0.00,0.00
24.11.2021 12:26:55.228,11.41,53.65,14.87,4.01,210.97,73,2563.556,23.0,0.00,0.00
24.11.2021 12:26:55.468,7.87,53.65,14.87,-1.21,64.92,73,2563.556,23.0,0.00,0.00
24.11.2021 12:26:55.708,7.87,53.65,14.87,-1.21,64.92,73,2563.556,23.0,0.00,0.00
24.11.2021 12:26:56.098,7.87,53.67,9.54,-0.04,64.92,73,2563.557,23.0,0.00,0.00
24.11.2021 12:26:56.308,5.05,53.67,9.54,-0.04,2.15,73,2563.557,23.0,0.00,0.00
24.11.2021 12:26:56.788,8.74,52.09,17.01,9.65,502.67,73,2563.558,23.0,0.00,0.00
24.11.2021 12:26:57.088,8.74,52.09,17.01,9.65,502.67,73,2563.558,23.0,0.00,0.00
24.11.2021 12:26:57.448,8.74,52.09,17.01,9.65,502.67,73,2563.558,23.0,0.00,0.00
24.11.2021 12:26:57.748,8.74,52.09,17.01,9.65,502.67,73,2563.558,23.0,0.00,0.00
24.11.2021 12:26:58.018,8.74,52.09,17.01,9.65,502.67,73,2563.558,23.0,0.18,0.00
24.11.2021 12:26:58.289,10.17,53.99,19.10,9.65,502.67,73,2563.563,23.0,0.18,0.00
24.11.2021 12:26:58.498,10.17,53.99,19.10,-3.45,186.27,73,2563.563,23.0,0.18,0.00
24.11.2021 12:26:58.767,10.17,53.99,19.10,-3.45,186.27,73,2563.563,23.0,0.27,0.00
24.11.2021 12:26:58.978,10.17,53.99,19.10,-3.45,186.27,73,2563.563,23.0,0.27,0.00
24.11.2021 12:26:59.187,10.17,53.49,16.74,-1.48,186.27,73,2563.564,23.0,0.27,0.00
24.11.2021 12:26:59.457,8.83,53.49,16.74,-1.48,79.17,73,2563.564,23.0,0.27,0.00
24.11.2021 12:26:59.727,8.83,53.49,16.74,-1.48,79.17,73,2563.564,23.0,0.00,0.00
24.11.2021 12:27:00.028,9.11,53.06,17.41,0.70,79.17,73,2563.566,23.0,0.00,0.00
24.11.2021 12:27:00.239,9.11,53.06,17.41,0.70,37.14,73,2563.566,23.0,0.00,0.00
24.11.2021 12:27:00.449,9.11,53.06,17.41,0.70,37.14,73,2563.566,23.0,0.00,0.00
24.11.2021 12:27:00.689,9.11,53.16,13.50,2.27,120.67,73,2563.568,23.0,0.00,0.00
24.11.2021 12:27:00.959,7.08,53.16,13.50,2.27,120.67,73,2563.568,23.0,0.00,0.00
24.11.2021 12:27:01.259,7.08,53.16,13.50,2.27,120.67,73,2563.568,23.0,0.00,0.00
24.11.2021 12:27:01.468,8.56,52.69,16.47,8.40,442.60,73,2563.569,23.0,0.00,0.00
24.11.2021 12:27:01.709,8.56,52.69,16.47,8.40,442.60,73,2563.569,23.0,0.00,0.00
24.11.2021 12:27:01.948,8.56,52.69,16.47,8.40,442.60,73,2563.569,23.0,0.00,0.00
24.11.2021 12:27:02.158,8.56,52.69,16.47,8.40,442.60,73,2563.569,23.0,0.00,0.00
24.11.2021 12:27:02.367,13.21,52.63,25.45,19.50,1026.29,73,2563.572,23.0,0.00,0.00
24.11.2021 12:27:02.606,13.21,52.63,25.45,19.50,1026.29,73,2563.572,23.0,0.00,0.00
24.11.2021 12:27:02.879,13.21,52.63,25.45,19.50,1026.29,73,2563.572,23.0,0.00,0.00
24.11.2021 12:27:03.088,15.88,52.63,30.59,19.50,1026.29,73,2563.574,23.0,0.00,0.00
24.11.2021 12:27:03.298,15.88,52.63,30.59,18.64,981.02,73,2563.574,23.0,0.00,0.00
24.11.2021 12:27:03.508,15.88,52.63,30.59,18.64,981.02,73,2563.574,23.0,0.00,0.00
24.11.2021 12:27:03.808,16.89,52.63,32.53,18.64,981.02,73,2563.578,23.0,0.00,0.00
24.11.2021 12:27:04.109,16.89,52.63,32.53,11.84,623.14,73,2563.578,23.0,0.00,0.00
24.11.2021 12:27:04.319,16.89,52.63,32.53,11.84,623.14,73,2563.578,23.0,0.00,0.00
24.11.2021 12:27:04.618,19.22,52.63,37.02,19.36,1018.92,73,2563.581,23.0,0.00,0.00
24.11.2021 12:27:04.828,19.22,52.63,37.02,19.36,1018.92,73,2563.581,23.0,0.00,0.00
24.11.2021 12:27:05.068,19.22,52.63,37.02,19.36,1018.92,73,2563.581,23.0,0.00,0.00
24.11.2021 12:27:05.458,19.22,52.63,37.02,19.36,1018.92,73,2563.581,23.0,0.00,0.00
24.11.2021 12:27:05.668,19.22,52.63,37.02,19.36,1018.92,73,2563.581,23.0,0.00,0.00
24.11.2021 12:27:05.878,19.22,52.63,37.02,19.36,1018.92,73,2563.581,23.0,0.00,0.00
24.11.2021 12:27:06.149,19.22,52.63,37.02,19.36,1018.92,73,2563.581,23.0,0.00,0.00
24.11.2021 12:27:06.389,19.22,52.64,35.26,19.36,1018.92,73,2563.590,23.0,0.00,0.00
24.11.2021 12:27:06.628,18.31,52.64,35.26,3.66,192.66,73,2563.590,23.0,0.00,0.00
24.11.2021 12:27:06.868,18.31,52.64,35.26,3.66,192.66,73,2563.590,23.0,0.00,0.00
24.11.2021 12:27:07.107,18.65,52.24,36.19,8.97,468.59,73,2563.594,23.0,0.00,0.00
24.11.2021 12:27:07.467,18.65,52.24,36.19,8.97,468.59,73,2563.594,23.0,0.00,0.00
24.11.2021 12:27:07.737,18.65,52.24,36.19,8.97,468.59,73,2563.594,23.0,0.00,0.00
24.11.2021 12:27:07.977,18.65,52.69,35.83,8.97,468.59,73,2563.598,23.0,0.00,0.00
24.11.2021 12:27:08.187,18.62,52.69,35.83,8.18,431.00,73,2563.598,23.0,0.00,0.00
24.11.2021 12:27:08.547,18.62,52.69,35.83,8.18,431.00,73,2563.598,23.0,0.00,0.00
24.11.2021 12:27:08.757,19.47,52.48,37.61,8.18,431.00,73,2563.602,23.0,0.00,0.00
24.11.2021 12:27:08.967,19.47,52.48,37.61,7.25,380.48,73,2563.602,23.0,0.00,0.00
24.11.2021 12:27:09.268,19.47,52.48,37.61,7.25,380.48,73,2563.602,23.0,0.00,0.00
24.11.2021 12:27:09.506,19.47,53.75,33.42,7.25,380.48,73,2563.605,23.0,0.00,0.00
24.11.2021 12:27:09.746,17.72,53.75,33.42,-0.35,18.81,73,2563.605,23.0,0.00,0.00
24.11.2021 12:27:09.956,17.72,53.75,33.42,-0.35,18.81,73,2563.605,23.0,0.22,0.00
24.11.2021 12:27:10.167,17.72,53.75,33.42,-0.35,18.81,73,2563.605,23.0,0.22,0.00
24.11.2021 12:27:10.406,17.72,54.23,26.66,-0.35,293.93,73,2563.609,23.0,0.22,0.00
24.11.2021 12:27:10.618,14.26,54.23,26.66,-5.42,293.93,73,2563.609,23.0,0.22,0.00
24.11.2021 12:27:10.839,14.26,54.23,26.66,-5.42,293.93,73,2563.609,23.0,0.18,0.00
24.11.2021 12:27:11.099,14.26,52.86,24.32,1.81,293.93,72,2563.612,23.0,0.18,0.00
24.11.2021 12:27:11.428,12.68,52.86,24.32,1.81,95.68,72,2563.612,23.0,0.18,0.00
24.11.2021 12:27:11.668,12.68,52.86,24.32,1.81,95.68,72,2563.612,23.0,0.00,0.00
24.11.2021 12:27:11.967,14.42,52.58,27.80,7.17,377.00,72,2563.614,23.0,0.00,0.00
24.11.2021 12:27:12.268,14.42,52.58,27.80,7.17,377.00,72,2563.614,23.0,0.00,0.00
24.11.2021 12:27:12.568,14.42,52.58,27.80,7.17,377.00,72,2563.614,23.0,0.00,0.00
24.11.2021 12:27:12.778,16.65,52.58,32.10,13.00,683.54,72,2563.618,23.0,0.00,0.00
24.11.2021 12:27:12.988,16.65,52.58,32.10,13.00,683.54,72,2563.618,23.0,0.00,0.00
24.11.2021 12:27:13.228,16.65,52.58,32.10,13.00,683.54,72,2563.618,23.0,0.00,0.00
24.11.2021 12:27:13.437,16.98,52.96,32.50,13.00,683.54,72,2563.621,23.0,0.00,0.00
24.11.2021 12:27:13.677,16.98,52.96,32.50,2.27,120.22,72,2563.621,23.0,0.00,0.00
24.11.2021 12:27:13.948,16.98,52.96,32.50,2.27,120.22,72,2563.621,23.0,0.00,0.00
24.11.2021 12:27:14.218,17.97,52.50,34.70,6.52,342.30,72,2563.625,23.0,0.00,0.00
24.11.2021 12:27:14.428,17.97,52.50,34.70,6.52,342.30,72,2563.625,23.0,0.00,0.00
24.11.2021 12:27:14.698,17.97,52.50,34.70,6.52,342.30,72,2563.625,23.0,0.00,0.00
24.11.2021 12:27:14.907,17.97,52.50,34.70,6.52,342.30,72,2563.625,23.0,0.00,0.00
24.11.2021 12:27:15.118,18.64,53.41,35.38,6.52,342.30,72,2563.629,23.0,0.00,0.00
24.11.2021 12:27:15.418,18.64,53.41,35.38,2.68,143.14,72,2563.629,23.0,0.00,0.00
24.11.2021 12:27:15.688,18.64,53.41,35.38,2.68,143.14,72,2563.629,23.0,0.00,0.00
24.11.2021 12:27:15.928,18.64,53.22,35.36,2.92,155.40,72,2563.632,23.0,0.00,0.00
24.11.2021 12:27:16.228,18.56,53.22,35.36,2.92,155.40,72,2563.632,23.0,0.02,0.00
24.11.2021 12:27:16.439,18.56,53.22,35.36,2.92,155.40,72,2563.632,23.0,0.02,0.00
24.11.2021 12:27:16.798,18.69,53.54,35.39,2.92,155.40,72,2563.636,23.0,0.02,0.00
24.11.2021 12:27:17.041,18.69,53.54,35.39,0.78,41.76,72,2563.636,23.0,0.00,0.00
24.11.2021 12:27:17.278,18.69,53.54,35.39,0.78,41.76,72,2563.636,23.0,0.00,0.00
24.11.2021 12:27:17.518,18.69,53.85,33.89,0.78,126.55,72,2563.640,23.0,0.00,0.00
24.11.2021 12:27:17.759,18.00,53.85,33.89,-2.35,126.55,72,2563.640,23.0,0.00,0.00
24.11.2021 12:27:17.968,18.00,53.85,33.89,-2.35,126.55,72,2563.640,23.0,0.00,0.00
24.11.2021 12:27:18.298,18.09,53.49,34.29,0.53,126.55,72,2563.644,23.0,0.00,0.00
24.11.2021 12:27:18.604,18.09,53.49,34.29,0.53,28.35,72,2563.644,23.0,0.00,0.00
24.11.2021 12:27:18.873,18.09,53.49,34.29,0.53,28.35,72,2563.644,23.0,0.00,0.00
24.11.2021 12:27:19.384,18.09,53.49,34.29,0.53,28.35,72,2563.644,23.0,0.00,0.00
24.11.2021 12:27:19.648,18.09,53.49,34.29,0.53,28.35,72,2563.644,23.0,0.01,0.00
24.11.2021 12:27:20.103,18.09,53.29,33.01,2.76,147.08,72,2563.651,23.0,0.01,0.00
24.11.2021 12:27:20.344,17.35,53.29,33.01,2.76,147.08,72,2563.651,23.0,0.00,0.00
24.11.2021 12:27:20.553,18.07,53.40,34.31,2.94,157.00,72,2563.655,23.0,0.00,0.00
24.11.2021 12:27:20.793,18.07,53.40,34.31,2.94,157.00,72,2563.655,23.0,0.00,0.00
24.11.2021 12:27:21.094,18.07,53.40,34.31,2.94,157.00,72,2563.655,23.0,0.00,0.00
24.11.2021 12:27:21.453,18.40,53.36,34.96,2.94,157.00,72,2563.659,23.0,0.00,0.00
24.11.2021 12:27:21.783,18.40,53.36,34.96,0.82,43.76,72,2563.659,23.0,0.00,0.00
24.11.2021 12:27:22.084,18.40,53.36,34.96,0.82,43.76,72,2563.659,23.0,0.00,0.00
24.11.2021 12:27:22.294,18.40,53.36,34.96,0.82,43.76,72,2563.659,23.0,0.00,0.00
24.11.2021 12:27:22.624,18.40,53.36,34.96,0.82,43.76,72,2563.659,23.0,0.00,0.00
24.11.2021 12:27:22.833,18.40,53.36,34.96,0.82,43.76,72,2563.659,23.0,0.01,0.00
24.11.2021 12:27:23.105,19.54,53.20,37.24,3.41,181.41,72,2563.667,23.0,0.01,0.00
24.11.2021 12:27:23.346,19.54,53.20,37.24,3.41,181.41,72,2563.667,23.0,0.01,0.00
24.11.2021 12:27:23.733,19.54,53.20,37.24,3.41,181.41,72,2563.667,23.0,0.00,0.00
24.11.2021 12:27:23.944,19.54,53.03,36.59,3.41,181.41,72,2563.671,23.0,0.00,0.00
24.11.2021 12:27:24.245,19.14,53.03,36.59,1.16,61.51,72,2563.671,23.0,0.00,0.00
24.11.2021 12:27:24.484,19.14,53.03,36.59,1.16,61.51,72,2563.671,23.0,0.00,0.00
24.11.2021 12:27:24.786,19.14,53.87,34.55,1.16,61.51,72,2563.675,23.0,0.00,0.00
24.11.2021 12:27:25.055,18.36,53.87,34.55,-0.61,32.86,72,2563.675,23.0,0.00,0.00
24.11.2021 12:27:25.353,18.36,53.87,34.55,-0.61,32.86,72,2563.675,23.0,0.00,0.00
24.11.2021 12:27:25.594,18.36,53.43,33.47,0.44,32.86,72,2563.679,23.0,0.00,0.00
24.11.2021 12:27:25.836,17.64,53.43,33.47,0.44,23.51,72,2563.679,23.0,0.00,0.00
24.11.2021 12:27:26.104,17.64,53.43,33.47,0.44,23.51,72,2563.679,23.0,0.36,0.00
24.11.2021 12:27:26.343,17.64,54.17,29.76,0.44,195.55,72,2563.682,23.0,0.36,0.00
24.11.2021 12:27:26.553,15.90,54.17,29.76,-3.61,195.55,72,2563.682,23.0,0.36,0.00
24.11.2021 12:27:26.796,15.90,54.17,29.76,-3.61,195.55,72,2563.682,23.0,0.36,0.00
24.11.2021 12:27:27.094,15.90,54.27,25.27,-3.61,269.18,72,2563.685,23.0,0.36,0.00
24.11.2021 12:27:27.394,13.53,54.27,25.27,-4.96,269.18,72,2563.685,23.0,0.36,0.00
24.11.2021 12:27:27.605,13.53,54.27,25.27,-4.96,269.18,72,2563.685,23.0,0.42,0.00
24.11.2021 12:27:27.875,13.53,53.89,20.56,-2.95,269.18,72,2563.688,23.0,0.42,0.00
24.11.2021 12:27:28.084,10.93,53.89,20.56,-2.95,158.98,72,2563.688,23.0,0.42,0.00
24.11.2021 12:27:28.293,10.93,53.89,20.56,-2.95,158.98,72,2563.688,23.0,0.00,0.00
24.11.2021 12:27:28.625,12.94,52.60,24.94,6.50,341.90,72,2563.690,23.0,0.00,0.00
24.11.2021 12:27:28.863,12.94,52.60,24.94,6.50,341.90,72,2563.690,23.0,0.00,0.00
24.11.2021 12:27:29.074,12.94,52.60,24.94,6.50,341.90,72,2563.690,23.0,0.00,0.00
24.11.2021 12:27:29.284,12.94,52.60,24.94,6.50,341.90,72,2563.690,23.0,0.00,0.00
24.11.2021 12:27:29.493,13.03,53.91,24.50,6.50,341.90,72,2563.693,23.0,0.00,0.00
24.11.2021 12:27:29.795,13.03,53.91,24.50,4.07,219.41,72,2563.693,23.0,0.00,0.00
24.11.2021 12:27:30.064,13.03,53.91,24.50,4.07,219.41,72,2563.693,23.0,0.00,0.00
24.11.2021 12:27:30.306,13.37,53.43,25.37,4.07,219.41,72,2563.696,23.0,0.00,0.00
24.11.2021 12:27:30.605,13.37,53.43,25.37,3.23,172.58,72,2563.696,23.0,0.00,0.00
24.11.2021 12:27:30.844,13.37,53.43,25.37,3.23,172.58,72,2563.696,23.0,0.00,0.00
24.11.2021 12:27:31.086,13.40,53.29,25.49,3.23,172.58,72,2563.699,23.0,0.00,0.00
24.11.2021 12:27:31.443,13.40,53.29,25.49,1.83,97.52,72,2563.699,23.0,0.00,0.00
24.11.2021 12:27:31.683,13.40,53.29,25.49,1.83,97.52,72,2563.699,23.0,0.00,0.00
24.11.2021 12:27:31.953,13.45,53.43,25.52,1.83,97.52,72,2563.701,23.0,0.00,0.00
24.11.2021 12:27:32.253,13.45,53.43,25.52,1.22,65.18,72,2563.701,23.0,0.00,0.00
24.11.2021 12:27:32.493,13.45,53.43,25.52,1.22,65.18,72,2563.701,23.0,0.00,0.00
24.11.2021 12:27:32.704,13.99,53.17,26.67,2.52,133.99,72,2563.704,23.0,0.00,0.00
24.11.2021 12:27:32.973,13.99,53.17,26.67,2.52,133.99,72,2563.704,23.0,0.00,0.00
24.11.2021 12:27:33.303,13.99,53.17,26.67,2.52,133.99,72,2563.704,23.0,0.00,0.00
24.11.2021 12:27:33.543,14.75,53.19,28.11,2.69,143.08,72,2563.707,23.0,0.00,0.00
24.11.2021 12:27:33.783,14.75,53.19,28.11,2.69,143.08,72,2563.707,23.0,0.00,0.00
24.11.2021 12:27:34.053,14.75,53.19,28.11,2.69,143.08,72,2563.707,23.0,0.00,0.00
24.11.2021 12:27:34.323,14.75,53.32,27.46,2.69,143.08,72,2563.710,23.0,0.00,0.00
24.11.2021 12:27:34.623,14.44,53.32,27.46,1.53,81.58,72,2563.710,23.0,0.00,0.00
24.11.2021 12:27:34.863,14.44,53.32,27.46,1.53,81.58,72,2563.710,23.0,0.00,0.00
24.11.2021 12:27:35.133,14.44,53.71,26.22,1.53,105.27,72,2563.713,23.0,0.00,0.00
24.11.2021 12:27:35.373,13.89,53.71,26.22,-1.96,105.27,72,2563.713,23.0,0.00,0.00
24.11.2021 12:27:35.584,13.89,53.71,26.22,-1.96,105.27,72,2563.713,23.0,0.08,0.00
24.11.2021 12:27:35.793,13.89,53.77,22.79,-1.96,123.67,72,2563.715,23.0,0.08,0.00
24.11.2021 12:27:36.033,12.09,53.77,22.79,-2.30,123.67,72,2563.715,23.0,0.08,0.00
24.11.2021 12:27:36.369,12.09,53.77,22.79,-2.30,123.67,72,2563.715,23.0,0.37,0.00
24.11.2021 12:27:36.670,12.09,53.77,22.79,-2.30,123.67,72,2563.715,23.0,0.37,0.00
24.11.2021 12:27:36.874,12.09,53.95,16.71,-2.30,172.10,72,2563.718,23.0,0.37,0.00
24.11.2021 12:27:37.117,8.89,53.95,16.71,-3.19,172.10,72,2563.718,23.0,0.00,0.00
24.11.2021 12:27:37.358,8.89,53.95,16.71,-3.19,172.10,72,2563.718,23.0,0.00,0.00
24.11.2021 12:27:37.565,9.41,53.37,17.87,2.86,172.10,72,2563.720,23.0,0.00,0.00
24.11.2021 12:27:37.805,9.41,53.37,17.87,2.86,152.64,72,2563.720,23.0,0.00,0.00
24.11.2021 12:27:38.044,9.41,53.37,17.87,2.86,152.64,72,2563.720,23.0,0.00,0.00
24.11.2021 12:27:38.393,9.41,54.19,11.54,2.86,152.64,72,2563.721,23.0,0.00,0.00
24.11.2021 12:27:38.728,6.17,54.19,11.54,-2.44,132.22,72,2563.721,23.0,0.00,0.00
24.11.2021 12:27:38.976,6.17,54.19,11.54,-2.44,132.22,72,2563.721,23.0,0.00,0.00
24.11.2021 12:27:39.187,6.19,53.46,11.74,0.80,132.22,72,2563.722,23.0,0.00,0.00
24.11.2021 12:27:39.404,6.19,53.46,11.74,0.80,42.77,72,2563.722,23.0,0.00,0.00
24.11.2021 12:27:39.666,6.19,53.46,11.74,0.80,42.77,72,2563.722,23.0,0.00,0.00
24.11.2021 12:27:40.026,6.19,53.50,11.22,0.80,42.77,72,2563.724,23.0,0.00,0.00
24.11.2021 12:27:40.264,5.92,53.50,11.22,0.10,5.35,72,2563.724,23.0,0.00,0.00
24.11.2021 12:27:40.474,5.92,53.50,11.22,0.10,5.35,72,2563.724,23.0,0.00,0.00
24.11.2021 12:27:40.775,6.71,53.11,12.81,2.73,144.99,72,2563.725,23.0,0.00,0.00
24.11.2021 12:27:41.104,6.71,53.11,12.81,2.73,144.99,72,2563.725,23.0,0.00,0.00
24.11.2021 12:27:41.311,6.71,53.11,12.81,2.73,144.99,72,2563.725,23.0,0.00,0.00
24.11.2021 12:27:41.584,7.21,53.19,13.74,2.73,144.99,72,2563.726,23.0,0.00,0.00
24.11.2021 12:27:41.884,7.21,53.19,13.74,1.42,75.53,72,2563.726,23.0,0.00,0.00
24.11.2021 12:27:42.121,7.21,53.19,13.74,1.42,75.53,72,2563.726,23.0,0.00,0.00
24.11.2021 12:27:42.394,7.21,53.64,12.06,1.42,75.53,72,2563.727,23.0,0.00,0.00
24.11.2021 12:27:42.634,6.38,53.64,12.06,0.23,12.34,72,2563.727,23.0,0.00,0.00
24.11.2021 12:27:42.876,6.38,53.64,12.06,0.23,12.34,72,2563.727,23.0,0.00,0.00
24.11.2021 12:27:43.090,6.64,53.24,12.64,1.59,84.65,72,2563.729,23.0,0.00,0.00
24.11.2021 12:27:43.391,6.64,53.24,12.64,1.59,84.65,72,2563.729,23.0,0.00,0.00
24.11.2021 12:27:43.686,6.64,53.24,12.64,1.59,84.65,72,2563.729,23.0,0.00,0.00
24.11.2021 12:27:43.895,6.64,53.26,12.37,1.65,87.88,72,2563.730,23.0,0.00,0.00
24.11.2021 12:27:44.164,6.50,53.26,12.37,1.65,87.88,72,2563.730,23.0,0.00,0.00
24.11.2021 12:27:44.375,6.50,53.26,12.37,1.65,87.88,72,2563.730,23.0,0.00,0.00
24.11.2021 12:27:44.710,6.57,53.21,12.52,2.23,118.66,72,2563.731,23.0,0.00,0.00
24.11.2021 12:27:44.976,6.57,53.21,12.52,2.23,118.66,72,2563.731,23.0,0.00,0.00
24.11.2021 12:27:45.214,6.57,53.21,12.52,2.23,118.66,72,2563.731,23.0,0.00,0.00
24.11.2021 12:27:45.493,7.01,53.10,13.38,3.60,191.16,72,2563.732,23.0,0.00,0.00
24.11.2021 12:27:45.743,7.01,53.10,13.38,3.60,191.16,72,2563.732,23.0,0.00,0.00
24.11.2021 12:27:46.025,7.01,53.10,13.38,3.60,191.16,72,2563.732,23.0,0.00,0.00
24.11.2021 12:27:46.301,7.01,53.15,13.31,3.60,191.16,72,2563.734,23.0,0.00,0.00
24.11.2021 12:27:46.504,6.98,53.15,13.31,2.99,158.92,72,2563.734,23.0,0.00,0.00
24.11.2021 12:27:46.811,6.98,53.15,13.31,2.99,158.92,72,2563.734,23.0,0.00,0.00
24.11.2021 12:27:47.081,6.98,53.73,8.38,2.99,158.92,72,2563.735,23.0,0.00,0.00
24.11.2021 12:27:47.283,4.44,53.73,8.38,-0.97,52.12,72,2563.735,23.0,0.00,0.00
24.11.2021 12:27:47.619,4.44,53.73,8.38,-0.97,52.12,72,2563.735,23.0,0.00,0.00
24.11.2021 12:27:47.886,4.44,53.59,4.39,0.07,52.12,72,2563.735,23.0,0.00,0.00
24.11.2021 12:27:48.127,2.32,53.59,4.39,0.07,3.75,72,2563.735,23.0,0.00,0.00
24.11.2021 12:27:48.492,2.32,53.59,4.39,0.07,3.75,72,2563.735,23.0,0.00,0.00
24.11.2021 12:27:48.694,2.32,53.48,0.93,0.08,4.28,72,2563.735,23.0,0.00,0.00
24.11.2021 12:27:49.002,0.49,53.48,0.93,0.08,4.28,72,2563.735,23.0,0.00,0.00
24.11.2021 12:27:49.265,0.49,53.48,0.93,0.08,4.28,72,2563.735,23.0,0.00,0.00
24.11.2021 12:27:49.475,0.49,53.51,0.00,0.16,8.56,72,2563.735,23.0,0.00,0.00
24.11.2021 12:27:49.714,0.00,53.51,0.00,0.16,8.56,72,2563.735,23.0,0.00,0.00
24.11.2021 12:27:49.924,0.00,53.51,0.00,0.16,8.56,72,2563.735,23.0,0.00,0.00
24.11.2021 12:27:50.284,0.00,53.50,0.00,0.16,8.56,72,2563.735,23.0,0.00,0.00
24.11.2021 12:27:50.584,0.00,53.50,0.00,0.16,8.56,72,2563.735,23.0,0.00,0.00
24.11.2021 12:27:50.823,0.00,53.50,0.00,0.16,8.56,72,2563.735,23.0,0.00,0.00
24.11.2021 12:27:51.064,0.00,53.51,0.00,0.17,9.10,72,2563.735,23.0,0.00,0.00
24.11.2021 12:27:51.287,0.00,53.51,0.00,0.17,9.10,72,2563.735,23.0,0.00,0.00
24.11.2021 12:27:51.547,0.00,53.51,0.00,0.17,9.10,72,2563.735,23.0,0.00,0.00
24.11.2021 12:27:51.858,0.00,53.51,0.00,0.17,9.10,72,2563.735,23.0,0.00,0.00
24.11.2021 12:27:52.446,0.00,53.51,0.00,0.16,8.56,72,2563.735,23.0,0.00,0.00